beginTime,classType,EventOccurred
2010-04-03T09:04Z,B7.4,0
2010-06-12T00:30Z,M2.0,1
2010-08-07T17:55Z,M1.0,1
2010-08-14T09:38Z,C4.4,1
2010-08-18T04:45Z,C4.5,1
2010-10-16T19:07Z,M2.9,1
2011-01-28T00:44Z,M1.3,1
2011-02-09T01:23Z,M1.9,1
2011-02-13T17:28Z,M6.6,1
2011-02-14T17:20Z,M2.2,1
2011-02-15T01:44Z,X2.2,1
2011-02-16T01:32Z,M1.0,1
2011-02-18T09:55Z,M6.6,1
2011-02-24T07:23Z,M3.5,1
2011-02-28T12:38Z,M1.1,1
2011-03-07T13:44Z,M2.0,1
2011-03-07T19:43Z,M3.7,1
2011-03-08T02:24Z,M1.3,1
2011-03-08T03:37Z,M1.5,1
2011-03-08T10:35Z,M5.3,1
2011-03-09T23:13Z,X1.5,1
2011-06-07T06:16Z,M2.5,1
2011-07-30T02:05Z,M9.3,1
2011-08-03T13:17Z,M6.0,1
2011-08-04T03:41Z,M9.3,1
2011-08-09T07:48Z,X6.9,1
2011-09-06T01:35Z,M5.3,1
2011-09-06T22:12Z,X2.1,1
2011-09-07T22:32Z,X1.8,1
2011-09-08T15:32Z,M6.7,1
2011-09-22T10:29Z,X1.4,1
2011-09-24T09:21Z,X1.9,1
2011-09-24T12:33Z,M7.1,1
2011-09-24T20:29Z,M5.8,1
2011-09-25T04:31Z,M8.8,1
2011-11-03T20:16Z,X1.9,1
2012-01-23T03:38Z,M8.7,1
2012-01-27T17:37Z,X1.8,1
2012-03-05T03:30Z,X1.1,1
2012-03-07T00:02Z,X5.4,1
2012-03-07T01:05Z,X1.3,1
2012-03-09T03:22Z,M6.3,1
2012-03-10T14:43Z,C8.0,1
2012-03-10T17:15Z,M5.4,1
2012-03-10T17:32Z,M8.4,1
2012-03-13T16:21Z,M7.9,1
2012-05-10T04:11Z,M5.7,1
2012-05-17T00:30Z,M5.1,1
2012-06-13T11:29Z,M1.2,1
2012-06-14T12:52Z,M1.9,1
2012-07-02T10:43Z,M5.6,1
2012-07-04T09:47Z,M5.3,1
2012-07-05T11:39Z,M6.1,1
2012-07-06T23:01Z,X1.1,1
2012-07-08T16:23Z,M6.9,1
2012-07-12T15:37Z,X1.4,1
2012-07-17T12:03Z,M1.8,1
2012-07-19T04:17Z,M7.7,1
2012-07-28T20:44Z,M6.2,1
2012-08-18T00:24Z,M5.5,1
2012-08-31T19:45Z,C8.4,1
2012-09-27T23:36Z,C3.7,1
2012-10-20T18:05Z,M9.1,1
2012-10-22T18:38Z,M5.0,1
2012-10-23T03:13Z,X1.8,1
2012-11-08T02:09Z,M1.7,1
2012-11-13T01:58Z,M6.0,1
2012-11-20T12:36Z,M1.7,1
2012-11-21T15:10Z,M3.5,1
2013-03-15T05:51Z,M1.2,1
2013-04-11T06:55Z,M6.5,1
2013-05-03T17:24Z,M5.7,1
2013-05-13T01:53Z,X1.6,1
2013-05-13T15:40Z,X2.8,1
2013-05-14T01:00Z,X3.2,1
2013-05-15T01:25Z,X1.2,1
2013-05-22T12:30Z,M5.0,1
2013-06-07T22:32Z,M5.9,1
2013-06-21T02:30Z,M2.9,1
2013-10-22T00:14Z,M1.0,1
2013-10-22T14:49Z,M1.0,1
2013-10-22T21:15Z,M4.3,1
2013-10-24T00:22Z,M9.3,1
2013-10-25T07:53Z,X1.7,1
2013-10-25T14:52Z,X2.1,1
2013-10-26T19:24Z,M3.1,1
2013-10-26T19:49Z,M1.0,1
2013-10-28T01:41Z,X1.0,1
2013-10-28T04:32Z,M5.1,1
2013-10-29T21:48Z,X2.3,1
2013-11-01T19:46Z,M6.3,1
2013-11-05T22:08Z,X3.3,1
2013-11-08T04:20Z,X1.1,1
2013-11-10T05:08Z,X1.1,1
2013-11-19T10:14Z,X1.0,1
2013-12-29T07:49Z,M3.1,1
2013-12-31T21:43Z,M6.4,1
2014-01-01T18:40Z,M9.9,1
2014-01-02T02:24Z,M1.7,1
2014-01-02T22:12Z,M1.2,1
2014-01-03T12:41Z,M1.0,1
2014-01-03T21:00Z,M1.1,1
2014-01-04T10:16Z,M1.3,1
2014-01-04T18:47Z,M4.0,1
2014-01-04T22:12Z,M1.9,1
2014-01-07T03:49Z,M1.0,1
2014-01-07T10:07Z,M7.2,1
2014-01-07T18:02Z,X1.2,1
2014-01-08T03:39Z,M3.6,1
2014-01-13T21:48Z,M1.3,1
2014-01-14T06:33Z,M2.1,1
2014-01-27T01:05Z,M1.0,1
2014-01-27T02:02Z,M1.1,1
2014-01-28T04:02Z,M1.5,1
2014-01-28T07:25Z,M3.6,1
2014-01-28T11:34Z,M1.4,1
2014-01-28T12:50Z,M1.3,1
2014-01-28T15:25Z,M3.5,1
2014-01-28T19:37Z,M4.9,1
2014-01-28T22:04Z,M2.6,1
2014-01-30T07:54Z,M1.1,1
2014-01-30T15:48Z,M6.6,1
2014-01-31T15:32Z,M1.1,1
2014-02-01T01:19Z,M1.0,1
2014-02-01T07:14Z,M3.0,1
2014-02-02T06:24Z,M2.6,1
2014-02-02T07:17Z,M2.2,1
2014-02-02T09:24Z,M4.4,1
2014-02-02T14:01Z,M1.3,1
2014-02-02T16:24Z,M1.0,1
2014-02-02T18:05Z,M3.1,1
2014-02-02T21:24Z,M1.3,1
2014-02-04T01:16Z,M3.8,1
2014-02-04T02:40Z,M1.2,1
2014-02-04T03:57Z,M5.2,1
2014-02-04T09:38Z,M1.4,1
2014-02-04T15:25Z,M1.5,1
2014-02-05T16:11Z,M1.3,1
2014-02-06T22:56Z,M1.5,1
2014-02-07T04:47Z,M2.0,1
2014-02-07T10:25Z,M1.9,1
2014-02-09T15:40Z,M1.0,1
2014-02-11T03:22Z,M1.7,1
2014-02-11T16:34Z,M1.8,1
2014-02-12T03:52Z,M3.7,1
2014-02-12T06:54Z,M2.3,1
2014-02-12T15:41Z,M2.1,1
2014-02-13T01:32Z,M1.8,1
2014-02-13T02:41Z,M1.0,1
2014-02-13T05:49Z,M1.7,1
2014-02-13T08:05Z,M1.8,1
2014-02-13T15:45Z,M1.4,1
2014-02-14T02:40Z,M2.3,1
2014-02-14T12:29Z,M1.6,1
2014-02-14T13:21Z,M1.1,1
2014-02-14T16:33Z,M1.0,1
2014-02-23T05:50Z,M1.1,1
2014-02-25T00:41Z,X4.9,1
2014-02-26T14:52Z,M1.1,1
2014-02-28T00:44Z,M1.1,1
2014-03-08T23:26Z,M1.4,1
2014-03-09T13:52Z,M1.0,1
2014-03-09T20:13Z,M1.0,1
2014-03-10T00:19Z,M1.1,1
2014-03-10T15:21Z,M1.7,1
2014-03-10T22:45Z,M1.4,1
2014-03-11T03:44Z,M3.5,1
2014-03-11T11:59Z,M1.7,1
2014-03-12T10:55Z,M2.5,1
2014-03-12T22:28Z,M9.3,1
2014-03-13T19:03Z,M1.2,1
2014-03-20T03:42Z,M1.7,1
2014-03-22T06:58Z,M1.1,1
2014-03-28T19:04Z,M2.0,1
2014-03-28T23:44Z,M2.6,1
2014-03-29T17:36Z,X1.0,1
2014-03-30T11:48Z,M2.1,1
2014-03-31T07:20Z,M1.4,1
2014-04-02T13:18Z,M6.5,1
2014-04-16T19:54Z,M1.0,1
2014-04-18T12:31Z,M7.3,1
2014-04-22T05:25Z,C3.6,1
2014-04-25T00:17Z,X1.3,1
2014-05-06T08:40Z,M1.8,1
2014-05-06T22:01Z,M1.0,1
2014-05-07T16:07Z,M1.2,1
2014-05-08T09:59Z,M5.2,1
2014-05-24T18:26Z,M1.3,1
2014-06-03T03:58Z,M1.3,1
2014-06-06T19:28Z,M1.4,1
2014-06-10T06:20Z,C2.4,1
2014-06-10T06:59Z,C1.7,1
2014-06-10T08:19Z,C3.9,1
2014-06-10T10:04Z,C5.0,1
2014-06-10T11:38Z,X2.2,1
2014-06-10T12:38Z,X1.5,1
2014-06-11T05:30Z,M1.8,1
2014-06-11T08:00Z,M3.0,1
2014-06-11T08:59Z,X1.0,1
2014-06-11T20:53Z,M3.9,1
2014-06-12T04:14Z,M2.0,1
2014-06-12T09:24Z,M1.8,1
2014-06-12T10:14Z,M2.7,1
2014-06-12T18:03Z,M1.3,1
2014-06-12T19:56Z,M1.1,1
2014-06-12T21:01Z,M1.0,1
2014-06-12T21:39Z,M3.1,1
2014-06-13T07:49Z,M2.6,1
2014-06-14T19:25Z,M1.4,1
2014-06-15T11:10Z,M1.1,1
2014-06-15T23:44Z,M1.0,1
2014-07-01T11:04Z,M1.4,1
2014-07-08T16:08Z,M6.5,1
2014-07-09T00:20Z,M1.2,1
2014-07-10T22:30Z,M1.5,1
2014-07-31T11:01Z,M2.5,1
2014-08-01T14:46Z,M2.0,1
2014-08-01T18:00Z,M1.5,1
2014-08-21T13:19Z,M3.4,1
2014-08-22T06:18Z,M1.2,1
2014-08-24T12:00Z,M5.9,1
2014-08-25T14:46Z,M2.0,1
2014-08-25T20:06Z,M3.9,1
2014-09-03T13:20Z,M2.5,1
2014-09-06T16:50Z,M1.1,1
2014-09-08T23:12Z,M4.6,1
2014-09-10T17:21Z,X1.6,1
2014-09-11T15:20Z,M2.1,1
2014-09-11T21:24Z,M1.4,1
2014-09-14T02:03Z,M1.5,1
2014-09-18T08:37Z,M1.2,1
2014-09-23T23:02Z,M2.3,1
2014-09-27T08:32Z,M1.0,1
2014-09-28T02:39Z,M5.1,1
2014-09-28T16:34Z,M1.0,1
2014-10-02T17:10Z,M1.5,1
2014-10-02T18:49Z,M7.3,1
2014-10-09T01:30Z,M1.3,1
2014-10-09T01:54Z,M1.4,1
2014-10-09T06:48Z,M1.2,1
2014-10-10T15:42Z,C3.0,1
2014-10-14T18:21Z,M1.1,1
2014-10-14T19:07Z,M2.2,1
2014-10-16T12:58Z,M4.3,1
2014-10-18T07:02Z,M1.6,1
2014-10-19T04:17Z,X1.1,1
2014-10-20T09:00Z,M3.9,1
2014-10-20T16:00Z,M4.5,1
2014-10-20T18:55Z,M1.4,1
2014-10-20T19:53Z,M1.7,1
2014-10-20T22:43Z,M1.2,1
2014-10-21T13:35Z,M1.2,1
2014-10-22T01:16Z,M8.7,1
2014-10-22T05:11Z,M2.7,1
2014-10-22T14:02Z,X1.6,1
2014-10-22T15:51Z,M1.4,1
2014-10-23T09:44Z,M1.1,1
2014-10-24T07:37Z,M4.0,1
2014-10-24T21:07Z,X3.1,1
2014-10-25T16:55Z,X1.0,1
2014-10-26T10:04Z,X2.0,1
2014-10-26T17:08Z,M1.0,1
2014-10-26T18:07Z,M4.2,1
2014-10-26T18:43Z,M1.9,1
2014-10-26T19:59Z,M2.4,1
2014-10-27T00:06Z,M7.1,1
2014-10-27T01:44Z,M1.0,1
2014-10-27T03:35Z,M1.3,1
2014-10-27T09:59Z,M6.7,1
2014-10-27T14:12Z,X2.0,1
2014-10-27T17:33Z,M1.4,1
2014-10-28T02:15Z,M3.4,1
2014-10-28T03:23Z,M6.6,1
2014-10-28T13:54Z,M1.6,1
2014-10-29T06:03Z,M1.0,1
2014-10-29T09:54Z,M1.2,1
2014-10-29T14:24Z,M1.4,1
2014-10-29T16:06Z,M1.0,1
2014-10-29T18:47Z,M1.3,1
2014-10-29T21:18Z,M2.3,1
2014-10-30T00:34Z,M1.3,1
2014-10-30T01:19Z,M3.5,1
2014-10-30T04:17Z,M1.2,1
2014-11-03T11:23Z,M2.2,1
2014-11-03T22:15Z,M6.5,1
2014-11-04T07:59Z,M2.6,1
2014-11-04T08:52Z,M2.3,1
2014-11-05T09:26Z,M7.9,1
2014-11-05T18:50Z,M2.9,1
2014-11-06T01:29Z,M3.2,1
2014-11-06T03:32Z,M5.4,1
2014-11-06T21:53Z,M2.5,1
2014-11-07T02:05Z,M2.7,1
2014-11-07T04:12Z,M2.0,1
2014-11-07T10:13Z,M1.0,1
2014-11-07T16:53Z,X1.6,1
2014-11-09T15:24Z,M2.3,1
2014-11-15T11:40Z,M3.2,1
2014-11-15T20:38Z,M3.7,1
2014-11-16T17:35Z,M5.7,1
2014-12-01T06:26Z,M1.8,1
2014-12-04T08:00Z,M1.3,1
2014-12-04T18:05Z,M6.1,1
2014-12-04T19:38Z,M1.3,1
2014-12-05T11:33Z,M1.5,1
2014-12-13T05:13Z,M1.5,1
2014-12-14T19:25Z,M1.6,1
2014-12-17T00:57Z,M1.5,1
2014-12-17T01:41Z,M1.1,1
2014-12-17T04:25Z,M8.7,1
2014-12-17T18:54Z,M1.4,1
2014-12-18T21:41Z,M6.9,1
2014-12-19T09:33Z,M1.3,1
2014-12-20T00:11Z,X1.8,1
2014-12-21T07:18Z,M1.2,1
2014-12-21T11:24Z,M1.0,1
2014-12-22T01:33Z,M1.0,1
2014-12-27T02:03Z,M2.2,1
2015-01-03T09:43Z,M1.1,1
2015-01-04T15:18Z,M1.3,1
2015-01-13T04:13Z,M5.6,1
2015-01-13T04:45Z,M4.9,1
2015-01-14T12:48Z,M2.2,1
2015-01-22T04:45Z,M1.4,1
2015-01-26T16:46Z,M1.1,1
2015-01-28T04:21Z,M1.4,1
2015-01-28T21:32Z,M1.0,1
2015-01-29T11:32Z,M2.1,1
2015-01-30T00:32Z,M2.0,1
2015-01-30T05:29Z,M1.7,1
2015-01-30T12:10Z,M2.4,1
2015-02-04T02:10Z,M1.2,1
2015-02-09T22:59Z,M2.4,1
2015-02-12T02:00Z,C6.0,1
2015-02-24T09:54Z,C1.4,1
2015-02-28T08:58Z,C5.6,1
2015-03-02T06:31Z,M1.0,1
2015-03-02T09:37Z,M1.1,1
2015-03-02T15:10Z,M3.7,1
2015-03-02T19:21Z,M4.1,1
2015-03-03T01:25Z,M8.2,1
2015-03-05T17:06Z,M1.2,1
2015-03-06T04:14Z,M3.0,1
2015-03-06T06:55Z,M1.5,1
2015-03-07T21:45Z,M9.2,1
2015-03-09T14:22Z,M4.5,1
2015-03-09T23:29Z,M5.8,1
2015-03-10T03:19Z,M5.1,1
2015-03-10T23:46Z,M2.9,1
2015-03-11T07:10Z,M1.8,1
2015-03-11T07:51Z,M2.6,1
2015-03-11T16:11Z,X2.2,1
2015-03-11T18:37Z,M1.0,1
2015-03-12T04:41Z,M3.2,1
2015-03-12T11:38Z,M1.6,1
2015-03-12T12:09Z,M1.4,1
2015-03-12T13:50Z,M4.2,1
2015-03-12T21:44Z,M2.7,1
2015-03-13T03:47Z,M1.2,1
2015-03-13T05:49Z,M1.8,1
2015-03-14T04:23Z,M1.3,1
2015-03-15T01:15Z,C9.1,1
2015-03-15T09:36Z,M1.0,1
2015-03-15T22:42Z,M1.2,1
2015-03-16T10:39Z,M1.6,1
2015-03-17T22:49Z,M1.0,1
2015-04-08T14:37Z,M1.4,1
2015-04-12T08:51Z,M1.1,1
2015-04-18T14:03Z,C5.2,1
2015-04-21T07:08Z,M1.0,1
2015-04-21T10:17Z,M2.2,1
2015-04-21T11:49Z,M2.2,1
2015-04-21T15:24Z,M4.0,1
2015-04-21T16:55Z,M2.1,1
2015-04-21T21:39Z,M1.8,1
2015-04-21T21:58Z,M1.2,1
2015-04-22T08:30Z,M1.1,1
2015-04-23T09:18Z,M1.1,1
2015-05-05T09:42Z,M1.9,1
2015-05-05T13:45Z,M1.2,1
2015-05-05T14:19Z,M1.3,1
2015-05-05T17:12Z,M2.6,1
2015-05-05T22:05Z,X2.7,1
2015-05-06T11:45Z,M1.9,1
2015-05-12T02:15Z,C2.6,1
2015-05-13T18:09Z,C9.2,1
2015-06-09T03:40Z,C5.8,1
2015-06-09T19:55Z,C2.8,1
2015-06-11T08:50Z,M1.0,1
2015-06-13T07:20Z,M1.3,1
2015-06-14T00:52Z,M2.0,1
2015-06-18T00:34Z,M1.2,1
2015-06-18T16:33Z,M3.0,1
2015-06-20T06:28Z,M1.0,1
2015-06-21T01:02Z,M2.0,1
2015-06-21T02:06Z,M2.6,1
2015-06-21T09:38Z,M3.8,1
2015-06-21T18:10Z,M1.1,1
2015-06-22T17:39Z,M6.5,1
2015-06-24T15:14Z,C5.6,1
2015-06-25T08:02Z,M7.9,1
2015-06-29T17:58Z,C2.4,1
2015-07-03T12:47Z,M1.5,1
2015-07-06T08:24Z,M1.0,1
2015-07-06T20:32Z,M1.7,1
2015-07-19T09:22Z,C2.1,1
2015-08-20T05:05Z,C3.4,1
2015-08-21T01:56Z,M1.2,1
2015-08-21T09:34Z,M1.4,1
2015-08-21T19:10Z,M1.1,1
2015-08-22T06:39Z,M1.2,1
2015-08-22T13:17Z,M2.2,1
2015-08-22T21:19Z,M3.5,1
2015-08-24T07:26Z,M5.6,1
2015-08-24T17:40Z,M1.0,1
2015-08-27T04:48Z,M2.9,1
2015-08-28T13:04Z,M2.2,1
2015-08-28T18:56Z,M2.1,1
2015-08-30T02:01Z,M1.4,1
2015-09-11T21:30Z,C1.3,1
2015-09-20T04:55Z,M1.5,1
2015-09-20T17:32Z,M2.1,1
2015-09-27T10:20Z,M1.9,1
2015-09-27T20:54Z,M1.0,1
2015-09-28T03:45Z,M3.6,1
2015-09-28T07:27Z,M1.1,1
2015-09-28T13:01Z,M1.1,1
2015-09-28T14:53Z,M7.6,1
2015-09-29T03:11Z,M1.2,1
2015-09-29T03:41Z,M1.1,1
2015-09-29T04:41Z,C5.1,1
2015-09-29T05:05Z,M2.9,1
2015-09-29T05:33Z,M1.2,1
2015-09-29T05:53Z,M1.0,1
2015-09-29T06:15Z,C8.6,1
2015-09-29T06:39Z,M1.4,1
2015-09-29T08:46Z,M1.3,1
2015-09-29T09:22Z,C5.2,1
2015-09-29T11:09Z,M1.6,1
2015-09-29T19:20Z,M1.1,1
2015-09-30T10:49Z,M1.3,1
2015-09-30T13:18Z,M1.1,1
2015-10-01T13:03Z,M4.5,1
2015-10-02T00:08Z,M5.5,1
2015-10-02T12:21Z,M1.0,1
2015-10-02T17:10Z,M1.0,1
2015-10-04T02:36Z,M1.0,1
2015-10-15T23:27Z,M1.1,1
2015-10-16T06:11Z,M1.1,1
2015-10-17T20:09Z,M1.1,1
2015-10-17T20:35Z,M1.5,1
2015-10-22T02:13Z,C4.4,1
2015-10-29T01:03Z,C1.1,1
2015-10-31T17:48Z,M1.0,1
2015-11-03T18:43Z,C5.5,1
2015-11-04T03:20Z,M1.9,1
2015-11-04T08:47Z,C4.6,1
2015-11-04T11:56Z,M2.6,1
2015-11-04T13:30Z,M3.7,1
2015-11-09T12:49Z,M3.9,1
2015-12-01T07:59Z,C3.6,1
2015-12-16T08:34Z,C6.6,1
2015-12-21T00:52Z,M2.8,1
2015-12-21T10:09Z,M1.1,1
2015-12-22T03:15Z,M1.6,1
2015-12-22T13:06Z,C6.3,1
2015-12-23T00:23Z,M4.7,1
2015-12-24T01:49Z,M1.1,1
2015-12-28T11:20Z,M1.8,1
2015-12-29T10:11Z,C6.8,1
2016-01-01T23:00Z,M2.3,1
2016-01-28T11:48Z,C9.6,1
2016-02-04T18:15Z,C5.1,1
2016-02-11T20:18Z,C8.9,1
2016-02-12T10:37Z,M1.0,1
2016-02-13T15:18Z,M1.8,1
2016-02-14T19:20Z,M1.0,1
2016-02-15T10:41Z,M1.1,1
2016-02-17T04:54Z,C9.4,1
2016-03-16T06:34Z,C2.2,1
2016-04-09T12:08Z,C2.8,1
2016-04-18T00:14Z,M6.7,1
2016-06-27T09:42Z,B5.8,0
2016-07-07T07:49Z,C5.1,1
2016-07-10T00:53Z,C8.6,1
2016-07-21T00:41Z,M1.2,1
2016-07-21T01:34Z,M1.0,1
2016-07-23T01:46Z,M5.0,1
2016-07-23T05:00Z,M7.6,1
2016-07-23T05:27Z,M5.5,1
2016-07-24T06:09Z,M2.0,1
2016-07-24T17:30Z,M1.9,1
2016-08-07T14:37Z,M1.3,1
2016-08-09T00:34Z,C8.9,1
2016-11-29T17:19Z,M1.0,1
2016-11-29T23:29Z,M1.2,1
2016-12-10T16:48Z,C4.0,1
2017-01-21T07:23Z,C9.3,1
2017-03-27T11:07Z,C3.2,1
2017-03-27T17:55Z,C5.1,1
2017-04-01T19:30Z,C3.7,1
2017-04-01T21:35Z,M4.4,1
2017-04-02T02:43Z,C8.0,1
2017-04-02T07:48Z,M5.3,1
2017-04-02T12:54Z,M2.3,1
2017-04-02T18:18Z,M2.1,1
2017-04-02T20:28Z,M5.7,1
2017-04-03T00:54Z,M1.2,1
2017-04-03T14:21Z,M5.8,1
2017-04-18T09:29Z,C3.3,1
2017-04-18T19:15Z,C5.5,1
2017-06-02T17:51Z,C8.0,1
2017-07-02T12:15Z,B3.1,0
2017-07-03T15:37Z,M1.3,1
2017-07-09T03:09Z,M1.3,1
2017-07-13T20:01Z,C8.4,1
2017-07-14T01:07Z,M2.4,1
2017-07-15T19:21Z,C5.8,1
2017-08-15T02:08Z,C1.0,1
2017-08-15T12:20Z,C1.1,1
2017-08-19T21:28Z,C7.0,1
2017-08-20T01:36Z,M1.2,1
2017-09-02T15:23Z,C7.7,1
2017-09-04T05:36Z,M1.2,1
2017-09-04T15:11Z,M1.5,1
2017-09-04T18:05Z,M1.0,1
2017-09-04T18:46Z,M1.7,1
2017-09-04T19:59Z,M1.5,1
2017-09-04T20:15Z,M5.5,1
2017-09-04T22:10Z,M2.1,1
2017-09-05T01:04Z,M4.2,1
2017-09-05T03:42Z,M1.0,1
2017-09-05T04:33Z,M3.2,1
2017-09-05T06:34Z,M3.8,1
2017-09-05T17:37Z,M2.3,1
2017-09-06T08:57Z,X2.2,1
2017-09-06T11:53Z,X9.3,1
2017-09-06T15:51Z,M2.5,1
2017-09-06T19:20Z,M1.4,1
2017-09-06T23:33Z,M1.2,1
2017-09-07T05:00Z,M2.4,1
2017-09-07T09:50Z,M1.4,1
2017-09-07T10:11Z,M7.3,1
2017-09-07T14:20Z,X1.3,1
2017-09-07T23:51Z,M3.9,1
2017-09-08T02:19Z,M1.3,1
2017-09-08T03:39Z,M1.2,1
2017-09-08T07:40Z,M8.1,1
2017-09-08T15:09Z,M3.0,1
2017-09-08T23:34Z,M2.1,1
2017-09-09T04:14Z,M1.1,1
2017-09-09T10:51Z,M3.7,1
2017-09-09T22:04Z,M1.1,1
2017-09-10T02:39Z,C9.0,1
2017-09-10T15:35Z,X8.2,1
2017-09-11T10:08Z,B9.8,0
2017-09-12T07:23Z,C3.0,1
2017-09-12T19:03Z,C1.6,1
2017-09-13T07:39Z,B1.4,0
2017-09-20T12:32Z,B5.4,0
2017-09-20T19:28Z,B8.4,0
2017-09-26T02:31Z,C1.8,1
2017-09-27T00:49Z,C1.7,1
2017-10-20T23:10Z,M1.1,1
2018-02-04T20:18Z,C1.1,1
2018-02-12T00:15Z,C1.5,1
2018-03-30T07:57Z,C4.6,1
2018-05-28T17:06Z,C3.3,1
2019-01-26T13:13Z,C5.0,1
2019-01-30T05:57Z,C5.2,1
2019-03-08T03:07Z,C1.3,1
2019-03-20T07:05Z,B6.1,0
2019-03-20T10:35Z,C4.8,1
2019-03-21T03:08Z,C5.6,1
2019-05-06T05:04Z,C9.9,1
2020-05-29T07:18Z,M1.1,1
2020-11-20T16:44Z,C1.9,1
2020-11-20T18:11Z,C1.0,1
2020-11-29T12:34Z,M4.4,1
2020-12-07T15:46Z,C7.4,1
2020-12-13T08:45Z,B1.4,0
2020-12-14T14:09Z,C4.0,1
2021-02-26T07:01Z,B9.5,0
2021-03-09T12:17Z,C1.6,1
2021-04-17T16:20Z,B9.7,0
2021-04-19T23:19Z,M1.1,1
2021-04-22T04:10Z,C3.8,1
2021-04-25T01:22Z,C2.6,1
2021-05-07T03:37Z,B6.0,0
2021-05-07T18:43Z,M3.9,1
2021-05-09T13:39Z,C4.0,1
2021-05-14T00:37Z,B4.9,0
2021-05-19T02:58Z,B1.2,0
2021-05-19T17:02Z,B1.3,0
2021-05-21T08:41Z,B3.8,0
2021-05-22T06:12Z,C6.0,1
2021-05-22T15:12Z,C3.2,1
2021-05-22T17:03Z,M1.1,1
2021-05-22T21:30Z,M1.4,1
2021-05-23T09:15Z,C2.4,1
2021-05-23T11:00Z,M1.1,1
2021-05-23T17:00Z,C2.2,1
2021-05-24T00:24Z,B4.8,0
2021-05-28T22:19Z,C9.4,1
2021-06-23T06:43Z,C3.4,1
2021-06-25T02:45Z,C6.0,1
2021-06-25T13:48Z,C1.7,1
2021-07-03T02:14Z,C5.7,1
2021-07-03T07:04Z,M2.7,1
2021-07-03T14:18Z,X1.5,1
2021-07-03T16:59Z,M1.0,1
2021-07-04T05:01Z,M1.5,1
2021-07-05T16:36Z,B5.3,0
2021-07-05T23:09Z,B5.7,0
2021-07-07T15:16Z,B7.1,0
2021-07-09T07:30Z,C6.0,1
2021-07-09T10:31Z,C7.0,1
2021-07-09T17:15Z,C4.7,1
2021-07-10T01:56Z,B2.9,0
2021-07-10T10:11Z,B1.6,0
2021-07-20T16:18Z,B5.4,0
2021-07-23T23:54Z,C4.3,1
2021-07-25T04:42Z,B2.5,0
2021-07-26T14:57Z,B2.2,0
2021-07-27T02:00Z,B1.9,0
2021-07-28T07:25Z,B6.9,0
2021-07-31T16:05Z,B2.4,0
2021-08-04T03:13Z,B5.9,0
2021-08-17T10:26Z,A9.1,0
2021-08-24T12:03Z,B8.8,0
2021-08-26T17:48Z,C3.0,1
2021-08-26T23:15Z,C3.9,1
2021-08-28T05:39Z,M4.7,1
2021-09-04T21:06Z,B4.5,0
2021-09-05T17:42Z,B7.9,0
2021-09-05T18:47Z,B7.0,0
2021-09-07T23:42Z,C2.3,1
2021-09-17T04:14Z,C5.5,1
2021-09-23T04:20Z,M2.8,1
2021-09-23T15:23Z,M1.8,1
2021-09-26T11:20Z,C1.6,1
2021-09-28T05:54Z,C1.6,1
2021-10-07T13:17Z,B2.6,0
2021-10-09T06:19Z,M1.6,1
2021-10-10T22:28Z,C2.3,1
2021-10-12T01:36Z,B9.5,0
2021-10-13T09:54Z,B3.3,0
2021-10-15T15:01Z,B9.7,0
2021-10-25T03:25Z,B3.7,0
2021-10-26T02:40Z,M1.3,1
2021-10-26T09:08Z,C1.0,1
2021-10-26T15:42Z,M1.0,1
2021-10-27T21:53Z,C1.1,1
2021-10-28T07:34Z,M1.4,1
2021-10-28T10:19Z,M2.2,1
2021-10-28T15:17Z,X1.0,1
2021-10-29T02:22Z,M1.5,1
2021-10-31T06:53Z,C2.9,1
2021-11-01T00:57Z,M1.5,1
2021-11-01T17:28Z,C1.3,1
2021-11-01T20:54Z,C4.0,1
2021-11-02T02:03Z,M1.6,1
2021-11-02T02:57Z,M1.7,1
2021-11-03T20:56Z,C5.2,1
2021-11-09T15:47Z,M2.0,1
2021-12-04T04:43Z,C4.2,1
2021-12-04T15:04Z,C1.8,1
2021-12-04T23:21Z,C7.1,1
2021-12-05T06:58Z,M1.4,1
2021-12-15T01:36Z,C2.1,1
2021-12-16T03:44Z,C1.3,1
2021-12-17T00:51Z,M1.2,1
2021-12-18T17:27Z,C6.3,1
2021-12-20T03:08Z,C4.4,1
2021-12-20T11:12Z,M1.8,1
2021-12-21T07:43Z,M1.1,1
2021-12-21T11:31Z,M1.4,1
2021-12-21T19:02Z,C4.9,1
2021-12-22T06:54Z,M1.3,1
2021-12-23T21:55Z,C1.2,1
2021-12-24T09:59Z,C4.2,1
2021-12-28T03:50Z,M1.8,1
2021-12-28T16:00Z,M1.6,1
2022-01-01T07:07Z,M1.1,1
2022-01-12T04:13Z,B7.2,0
2022-01-13T20:24Z,C1.3,1
2022-01-14T01:47Z,M1.8,1
2022-01-14T13:07Z,C4.3,1
2022-01-16T04:56Z,C1.2,1
2022-01-16T19:15Z,C2.4,1
2022-01-17T13:48Z,C2.8,1
2022-01-18T17:01Z,M1.5,1
2022-01-20T05:41Z,M5.5,1
2022-01-29T22:45Z,M1.1,1
2022-02-04T05:56Z,C2.8,1
2022-02-04T15:39Z,C5.8,1
2022-02-04T21:42Z,C2.6,1
2022-02-06T11:45Z,C3.1,1
2022-02-12T08:25Z,M1.4,1
2022-02-12T17:19Z,C8.0,1
2022-02-13T00:48Z,C3.2,1
2022-02-14T17:02Z,M1.0,1
2022-02-15T17:54Z,M1.3,1
2022-02-17T20:40Z,C1.4,1
2022-02-18T16:05Z,B8.4,0
2022-02-19T21:13Z,B7.2,0
2022-02-20T03:36Z,C5.1,1
2022-02-28T08:05Z,C1.2,1
2022-02-28T09:02Z,C3.1,1
2022-03-02T09:12Z,C3.0,1
2022-03-02T17:31Z,M2.0,1
2022-03-04T19:28Z,B7.5,0
2022-03-10T18:17Z,C2.8,1
2022-03-11T22:13Z,M2.2,1
2022-03-14T08:35Z,M2.0,1
2022-03-14T17:13Z,B8.5,0
2022-03-15T12:33Z,M1.4,1
2022-03-15T22:39Z,M1.5,1
2022-03-20T07:30Z,C4.6,1
2022-03-25T05:02Z,M1.4,1
2022-03-28T10:58Z,M4.0,1
2022-03-28T17:32Z,M1.0,1
2022-03-28T19:08Z,M1.0,1
2022-03-28T20:49Z,M1.1,1
2022-03-29T00:57Z,M2.2,1
2022-03-29T01:48Z,M1.1,1
2022-03-29T09:17Z,M1.0,1
2022-03-29T21:43Z,M1.6,1
2022-03-30T17:21Z,X1.3,1
2022-03-31T18:23Z,M9.6,1
2022-04-02T02:39Z,M2.9,1
2022-04-02T12:56Z,M3.9,1
2022-04-02T17:34Z,M4.3,1
2022-04-09T18:55Z,C1.1,1
2022-04-11T05:00Z,C1.6,1
2022-04-15T10:31Z,M1.2,1
2022-04-15T11:07Z,M2.2,1
2022-04-15T13:47Z,M1.9,1
2022-04-16T14:49Z,M1.0,1
2022-04-17T02:00Z,M1.8,1
2022-04-17T03:17Z,X1.1,1
2022-04-17T16:02Z,C7.7,1
2022-04-17T19:52Z,M1.5,1
2022-04-17T22:28Z,M4.4,1
2022-04-18T07:37Z,M1.3,1
2022-04-18T10:04Z,M1.1,1
2022-04-18T17:12Z,M1.9,1
2022-04-19T04:43Z,M1.0,1
2022-04-19T20:42Z,M3.7,1
2022-04-19T21:09Z,M1.6,1
2022-04-20T01:09Z,M1.2,1
2022-04-20T01:20Z,M7.2,1
2022-04-20T03:41Z,X2.2,1
2022-04-20T12:25Z,M1.9,1
2022-04-21T01:47Z,M9.6,1
2022-04-22T04:52Z,M1.1,1
2022-04-22T13:16Z,M3.4,1
2022-04-25T01:18Z,M1.2,1
2022-04-25T03:52Z,M1.1,1
2022-04-25T17:24Z,C6.8,1
2022-04-27T08:17Z,C3.3,1
2022-04-27T10:48Z,C2.0,1
2022-04-28T02:24Z,C6.7,1
2022-04-29T07:15Z,M1.2,1
2022-04-29T18:01Z,M1.2,1
2022-04-30T04:46Z,M2.6,1
2022-04-30T05:25Z,M1.4,1
2022-04-30T09:48Z,M4.8,1
2022-04-30T13:37Z,X1.1,1
2022-04-30T19:42Z,M1.9,1
2022-05-03T07:34Z,M1.3,1
2022-05-03T13:09Z,X1.1,1
2022-05-04T00:08Z,M5.3,1
2022-05-04T08:45Z,M5.7,1
2022-05-04T16:25Z,M1.1,1
2022-05-04T19:40Z,M1.5,1
2022-05-04T20:09Z,M1.6,1
2022-05-05T13:13Z,M2.2,1
2022-05-05T14:02Z,M2.7,1
2022-05-08T03:38Z,C6.4,1
2022-05-08T19:23Z,C8.2,1
2022-05-10T13:27Z,C4.7,1
2022-05-10T13:50Z,X1.5,1
2022-05-11T16:35Z,M1.6,1
2022-05-11T18:13Z,M2.6,1
2022-05-11T19:27Z,M2.2,1
2022-05-12T20:04Z,M1.3,1
2022-05-14T23:58Z,M2.2,1
2022-05-16T13:10Z,M2.4,1
2022-05-17T04:58Z,C6.2,1
2022-05-17T06:16Z,C2.9,1
2022-05-17T08:23Z,C3.6,1
2022-05-17T08:40Z,C4.3,1
2022-05-18T21:56Z,M1.1,1
2022-05-19T07:00Z,M5.6,1
2022-05-19T10:00Z,M1.5,1
2022-05-19T15:05Z,M1.1,1
2022-05-20T07:35Z,M3.0,1
2022-05-20T11:42Z,C2.3,1
2022-05-20T22:03Z,C8.4,1
2022-05-20T23:24Z,C5.2,1
2022-05-24T22:03Z,C5.1,1
2022-05-25T17:06Z,M1.8,1
2022-05-25T18:12Z,M1.3,1
2022-05-30T02:04Z,C1.5,1
2022-06-05T11:35Z,C1.3,1
2022-06-10T10:11Z,M1.2,1
2022-06-13T03:01Z,M3.4,1
2022-06-16T03:47Z,M1.6,1
2022-06-20T15:19Z,C4.4,1
2022-07-05T03:59Z,C9.8,1
2022-07-08T20:07Z,M2.5,1
2022-07-09T13:29Z,C8.5,1
2022-07-09T22:26Z,C4.6,1
2022-07-10T23:30Z,M1.3,1
2022-07-11T01:44Z,C8.8,1
2022-07-11T09:08Z,M1.1,1
2022-07-14T04:22Z,M1.2,1
2022-07-14T21:42Z,M2.8,1
2022-07-15T07:13Z,C3.1,1
2022-07-15T11:56Z,C5.5,1
2022-07-16T06:16Z,M1.1,1
2022-07-16T15:33Z,M1.4,1
2022-07-21T01:02Z,C5.6,1
2022-07-26T15:12Z,C8.5,1
2022-07-31T22:41Z,C9.3,1
2022-08-14T11:50Z,C2.4,1
2022-08-15T04:28Z,C3.5,1
2022-08-15T14:31Z,M1.0,1
2022-08-15T16:46Z,M2.7,1
2022-08-15T17:27Z,C9.6,1
2022-08-15T21:48Z,M1.1,1
2022-08-16T01:00Z,C3.3,1
2022-08-16T01:25Z,C5.9,1
2022-08-16T07:52Z,M5.0,1
2022-08-16T21:10Z,M1.8,1
2022-08-17T13:26Z,M2.0,1
2022-08-17T14:28Z,M1.0,1
2022-08-18T10:04Z,M1.3,1
2022-08-18T10:37Z,M1.5,1
2022-08-18T12:27Z,C2.7,1
2022-08-18T14:02Z,M1.3,1
2022-08-18T21:44Z,C6.3,1
2022-08-18T22:28Z,C4.4,1
2022-08-19T04:14Z,M1.6,1
2022-08-19T11:01Z,C4.0,1
2022-08-25T19:39Z,M1.8,1
2022-08-25T23:21Z,M1.0,1
2022-08-26T06:07Z,C7.2,1
2022-08-26T10:41Z,M2.1,1
2022-08-26T12:08Z,M7.2,1
2022-08-26T12:24Z,M5.3,1
2022-08-26T12:52Z,M3.6,1
2022-08-27T01:52Z,M4.8,1
2022-08-27T04:07Z,M1.3,1
2022-08-27T11:29Z,M1.2,1
2022-08-27T15:13Z,M1.1,1
2022-08-27T15:45Z,M1.8,1
2022-08-27T16:41Z,M1.1,1
2022-08-28T00:47Z,M1.4,1
2022-08-28T01:26Z,M1.4,1
2022-08-28T07:24Z,C9.9,1
2022-08-28T15:48Z,M6.7,1
2022-08-28T18:20Z,M4.6,1
2022-08-29T03:24Z,M3.3,1
2022-08-29T10:48Z,M8.6,1
2022-08-29T14:46Z,M2.5,1
2022-08-29T16:15Z,M3.8,1
2022-08-29T18:45Z,M4.7,1
2022-08-30T01:25Z,M1.6,1
2022-08-30T01:58Z,M1.5,1
2022-08-30T18:05Z,M2.1,1
2022-09-04T07:35Z,C3.9,1
2022-09-05T17:58Z,M1.0,1
2022-09-12T23:37Z,M1.7,1
2022-09-14T09:41Z,M1.1,1
2022-09-16T09:44Z,M7.9,1
2022-09-16T15:49Z,M6.2,1
2022-09-17T12:42Z,M1.0,1
2022-09-17T13:21Z,M1.9,1
2022-09-17T20:32Z,M2.6,1
2022-09-19T00:43Z,C6.5,1
2022-09-20T05:35Z,C5.5,1
2022-09-20T11:13Z,M1.0,1
2022-09-21T06:51Z,M1.0,1
2022-09-23T17:48Z,M1.7,1
2022-09-24T16:59Z,C7.2,1
2022-09-30T03:46Z,M1.0,1
2022-09-30T16:11Z,M2.9,1
2022-09-30T17:30Z,M1.3,1
2022-10-01T19:58Z,M5.8,1
2022-10-02T02:08Z,M8.7,1
2022-10-02T13:52Z,M1.2,1
2022-10-02T15:34Z,M1.0,1
2022-10-02T19:53Z,X1.0,1
2022-10-03T02:19Z,M2.6,1
2022-10-03T09:38Z,M4.2,1
2022-10-03T11:03Z,M1.5,1
2022-10-03T15:20Z,M1.6,1
2022-10-03T19:57Z,M1.2,1
2022-10-03T21:11Z,M1.7,1
2022-10-04T12:48Z,M1.6,1
2022-10-07T14:21Z,M1.0,1
2022-10-10T00:35Z,M1.0,1
2022-10-10T16:07Z,M2.4,1
2022-10-11T08:36Z,M3.9,1
2022-10-11T10:47Z,M1.5,1
2022-10-12T16:26Z,C4.7,1
2022-10-12T23:54Z,M1.5,1
2022-10-14T09:51Z,M1.3,1
2022-10-17T16:47Z,C3.3,1
2022-10-21T01:07Z,C2.4,1
2022-10-25T18:52Z,C4.9,1
2022-10-26T12:31Z,C6.7,1
2022-11-03T06:58Z,C1.3,1
2022-11-07T00:02Z,M5.2,1
2022-11-09T19:46Z,C4.3,1
2022-11-11T07:00Z,M1.2,1
2022-11-11T11:27Z,M1.2,1
2022-11-12T00:09Z,M1.1,1
2022-11-12T18:01Z,C6.5,1
2022-11-14T02:44Z,C3.3,1
2022-11-14T18:04Z,C4.5,1
2022-11-15T02:48Z,M1.0,1
2022-11-18T08:57Z,C5.5,1
2022-11-18T11:23Z,C5.1,1
2022-11-19T06:05Z,C8.3,1
2022-11-19T12:42Z,M1.6,1
2022-11-22T06:59Z,C7.0,1
2022-11-22T18:49Z,C4.8,1
2022-11-29T13:11Z,C4.3,1
2022-12-01T07:04Z,M1.0,1
2022-12-03T01:46Z,C1.1,1
2022-12-03T17:36Z,M1.2,1
2022-12-09T13:59Z,C6.0,1
2022-12-11T11:28Z,C2.9,1
2022-12-13T23:12Z,C2.9,1
2022-12-14T03:23Z,C2.5,1
2022-12-14T07:30Z,M2.4,1
2022-12-14T08:24Z,M1.1,1
2022-12-14T09:20Z,M1.3,1
2022-12-14T11:45Z,M1.1,1
2022-12-14T12:24Z,M4.1,1
2022-12-14T14:31Z,M6.3,1
2022-12-14T14:54Z,M3.2,1
2022-12-14T17:03Z,M2.2,1
2022-12-14T20:31Z,M1.3,1
2022-12-14T20:52Z,M2.2,1
2022-12-14T21:33Z,M1.3,1
2022-12-14T21:45Z,M1.9,1
2022-12-14T21:57Z,M4.5,1
2022-12-15T01:24Z,M1.6,1
2022-12-15T06:55Z,M2.3,1
2022-12-15T07:54Z,M1.0,1
2022-12-15T09:55Z,M1.5,1
2022-12-15T10:23Z,M1.6,1
2022-12-15T15:58Z,M1.0,1
2022-12-15T16:35Z,M1.1,1
2022-12-15T16:47Z,M2.0,1
2022-12-15T22:20Z,M5.7,1
2022-12-16T01:30Z,M3.5,1
2022-12-16T04:42Z,M1.2,1
2022-12-16T05:36Z,M1.3,1
2022-12-16T06:30Z,M1.2,1
2022-12-16T07:26Z,M1.6,1
2022-12-16T08:55Z,M1.5,1
2022-12-16T09:33Z,M1.1,1
2022-12-16T10:02Z,M4.0,1
2022-12-16T14:24Z,M2.4,1
2022-12-16T15:34Z,M1.2,1
2022-12-17T19:40Z,M1.0,1
2022-12-17T21:58Z,C3.2,1
2022-12-18T10:00Z,C5.8,1
2022-12-19T11:36Z,C7.3,1
2022-12-19T22:07Z,C3.8,1
2022-12-20T13:59Z,M1.1,1
2022-12-25T06:53Z,C7.8,1
2022-12-25T16:30Z,C2.8,1
2022-12-27T00:46Z,M2.0,1
2022-12-27T08:02Z,M1.0,1
2022-12-27T16:15Z,M1.2,1
2022-12-29T06:32Z,M1.2,1
2022-12-29T18:11Z,M2.1,1
2022-12-29T18:26Z,M2.4,1
2022-12-30T11:03Z,C9.6,1
2022-12-30T15:24Z,M1.4,1
2022-12-30T19:26Z,M3.7,1
2023-01-04T06:20Z,C3.2,1
2023-01-06T00:43Z,X1.2,1
2023-01-07T00:40Z,M1.6,1
2023-01-08T08:39Z,M1.2,1
2023-01-08T09:12Z,M1.4,1
2023-01-08T14:51Z,M1.4,1
2023-01-08T19:02Z,M1.0,1
2023-01-09T00:51Z,M1.1,1
2023-01-09T08:45Z,M2.1,1
2023-01-09T13:15Z,M1.0,1
2023-01-09T18:37Z,X1.9,1
2023-01-10T00:09Z,M5.1,1
2023-01-10T02:08Z,M1.0,1
2023-01-10T02:33Z,M2.6,1
2023-01-10T10:59Z,M1.0,1
2023-01-10T17:17Z,M1.3,1
2023-01-10T17:44Z,M1.2,1
2023-01-10T22:39Z,X1.0,1
2023-01-11T00:39Z,M2.4,1
2023-01-11T01:49Z,M5.6,1
2023-01-11T05:31Z,M1.3,1
2023-01-11T08:25Z,M3.1,1
2023-01-12T05:53Z,M1.1,1
2023-01-12T06:33Z,M1.5,1
2023-01-12T11:08Z,M1.2,1
2023-01-12T14:39Z,M1.0,1
2023-01-12T19:03Z,M1.0,1
2023-01-13T02:53Z,M1.4,1
2023-01-13T10:05Z,M3.9,1
2023-01-14T01:28Z,M1.3,1
2023-01-14T20:06Z,M3.5,1
2023-01-14T20:37Z,M4.6,1
2023-01-15T03:08Z,M6.0,1
2023-01-15T14:16Z,M4.8,1
2023-01-17T23:16Z,M1.8,1
2023-01-18T01:35Z,C4.1,1
2023-01-18T10:21Z,M1.8,1
2023-01-19T04:00Z,M1.1,1
2023-01-19T10:06Z,M1.7,1
2023-01-19T10:26Z,M1.0,1
2023-01-20T13:47Z,C5.3,1
2023-01-22T12:12Z,M1.1,1
2023-01-22T16:49Z,M1.6,1
2023-01-24T13:59Z,C9.4,1
2023-01-25T09:37Z,M4.6,1
2023-01-25T16:42Z,M1.3,1
2023-01-25T22:23Z,M2.0,1
2023-01-26T12:53Z,M2.8,1
2023-02-05T10:37Z,C6.4,1
2023-02-06T11:58Z,C7.8,1
2023-02-07T02:34Z,C3.0,1
2023-02-07T13:33Z,M1.0,1
2023-02-07T20:01Z,M1.5,1
2023-02-07T21:21Z,C5.3,1
2023-02-07T22:46Z,M3.8,1
2023-02-07T23:05Z,M6.3,1
2023-02-08T02:45Z,M2.0,1
2023-02-08T15:28Z,M1.6,1
2023-02-08T19:56Z,M1.5,1
2023-02-08T21:03Z,M1.7,1
2023-02-08T21:21Z,M1.7,1
2023-02-09T02:45Z,M3.1,1
2023-02-09T07:11Z,M1.1,1
2023-02-09T08:49Z,M2.9,1
2023-02-09T14:44Z,M1.5,1
2023-02-09T15:14Z,M1.4,1
2023-02-09T15:35Z,M1.1,1
2023-02-09T18:18Z,M1.8,1
2023-02-10T02:45Z,M3.7,1
2023-02-10T08:02Z,M1.4,1
2023-02-10T14:35Z,M1.1,1
2023-02-10T15:29Z,M1.6,1
2023-02-10T22:34Z,M1.2,1
2023-02-11T07:59Z,M2.2,1
2023-02-11T10:42Z,M1.0,1
2023-02-11T11:29Z,M1.4,1
2023-02-11T12:05Z,M1.5,1
2023-02-11T12:18Z,M1.1,1
2023-02-11T12:28Z,M1.5,1
2023-02-11T15:40Z,X1.1,1
2023-02-11T17:11Z,M1.4,1
2023-02-12T08:35Z,M3.1,1
2023-02-12T09:11Z,M1.4,1
2023-02-12T13:23Z,M1.2,1
2023-02-12T15:33Z,M1.0,1
2023-02-13T05:04Z,M1.0,1
2023-02-13T15:49Z,M1.4,1
2023-02-14T01:57Z,M1.8,1
2023-02-14T11:59Z,M2.6,1
2023-02-15T01:08Z,C5.6,1
2023-02-15T04:33Z,M1.1,1
2023-02-15T05:16Z,M2.0,1
2023-02-15T06:42Z,M1.3,1
2023-02-15T21:05Z,M1.0,1
2023-02-16T00:19Z,M1.1,1
2023-02-16T10:16Z,C9.0,1
2023-02-16T20:39Z,C9.1,1
2023-02-17T19:38Z,X2.2,1
2023-02-20T14:47Z,M4.4,1
2023-02-21T11:05Z,M1.5,1
2023-02-21T11:14Z,M4.7,1
2023-02-21T19:57Z,M5.0,1
2023-02-22T04:51Z,M1.4,1
2023-02-22T13:36Z,M2.6,1
2023-02-23T06:11Z,M1.5,1
2023-02-23T08:32Z,M1.0,1
2023-02-23T08:51Z,M1.2,1
2023-02-24T17:11Z,M1.1,1
2023-02-24T20:03Z,M3.7,1
2023-02-25T15:35Z,M1.0,1
2023-02-25T18:40Z,M6.3,1
2023-02-28T17:35Z,M8.6,1
2023-03-01T00:56Z,M1.0,1
2023-03-02T04:39Z,C9.2,1
2023-03-02T21:05Z,M3.8,1
2023-03-03T10:10Z,M3.2,1
2023-03-03T17:42Z,X2.0,1
2023-03-04T07:06Z,M1.0,1
2023-03-04T13:34Z,M1.2,1
2023-03-04T15:19Z,M5.2,1
2023-03-05T02:40Z,M1.3,1
2023-03-05T16:24Z,M1.0,1
2023-03-05T16:53Z,M1.0,1
2023-03-05T21:29Z,M5.0,1
2023-03-06T02:08Z,M5.8,1
2023-03-06T08:57Z,M1.3,1
2023-03-06T17:24Z,M1.0,1
2023-03-08T09:53Z,M1.1,1
2023-03-08T16:21Z,C2.0,1
2023-03-08T22:35Z,M1.3,1
2023-03-09T23:21Z,C3.4,1
2023-03-10T13:12Z,C2.5,1
2023-03-14T11:00Z,C2.9,1
2023-03-17T06:12Z,C6.4,1
2023-03-17T15:04Z,M1.0,1
2023-03-20T01:19Z,M1.2,1
2023-03-20T14:15Z,C4.4,1
2023-03-26T04:42Z,C2.3,1
2023-03-29T02:18Z,X1.2,1
2023-03-29T13:47Z,M1.2,1
2023-03-29T23:35Z,M1.1,1
2023-03-30T07:24Z,M5.4,1
2023-04-01T02:49Z,C6.7,1
2023-04-06T05:36Z,M3.0,1
2023-04-08T01:38Z,M2.9,1
2023-04-10T05:10Z,M2.8,1
2023-04-11T09:51Z,M1.3,1
2023-04-14T16:10Z,M1.1,1
2023-04-14T23:18Z,M1.5,1
2023-04-17T06:21Z,C7.0,1
2023-04-21T17:44Z,M1.7,1
2023-04-27T02:28Z,C2.5,1
2023-04-27T11:04Z,M1.8,1
2023-04-30T02:10Z,C3.9,1
2023-04-30T19:56Z,M2.4,1
2023-05-01T00:55Z,M1.1,1
2023-05-01T02:48Z,C3.6,1
2023-05-01T13:02Z,M7.1,1
2023-05-01T22:19Z,C7.4,1
2023-05-03T09:15Z,M4.2,1
2023-05-03T10:03Z,M3.1,1
2023-05-03T10:36Z,M7.2,1
2023-05-03T12:24Z,M1.7,1
2023-05-03T13:43Z,M2.2,1
2023-05-04T08:05Z,M3.9,1
2023-05-05T06:52Z,C9.5,1
2023-05-05T07:30Z,M2.1,1
2023-05-05T15:18Z,M1.2,1
2023-05-07T21:40Z,M1.5,1
2023-05-07T22:53Z,M1.6,1
2023-05-08T20:11Z,M2.3,1
2023-05-09T03:42Z,M6.5,1
2023-05-09T05:55Z,M1.2,1
2023-05-09T07:58Z,C5.2,1
2023-05-09T09:18Z,C4.3,1
2023-05-09T10:00Z,M1.3,1
2023-05-09T11:59Z,C4.0,1
2023-05-09T18:20Z,M4.2,1
2023-05-09T20:32Z,M5.0,1
2023-05-10T14:11Z,M2.2,1
2023-05-11T08:47Z,M2.1,1
2023-05-11T18:13Z,M1.8,1
2023-05-12T23:53Z,C9.0,1
2023-05-16T16:31Z,M9.6,1
2023-05-18T06:13Z,M1.0,1
2023-05-18T06:48Z,M1.2,1
2023-05-18T11:32Z,M2.2,1
2023-05-18T12:00Z,M1.9,1
2023-05-18T12:39Z,M1.6,1
2023-05-18T17:32Z,M1.1,1
2023-05-18T20:12Z,M3.8,1
2023-05-18T20:51Z,M4.5,1
2023-05-19T00:41Z,M5.3,1
2023-05-19T03:05Z,M1.6,1
2023-05-19T04:49Z,M2.5,1
2023-05-19T19:40Z,M2.3,1
2023-05-19T20:14Z,M2.7,1
2023-05-20T06:49Z,M1.0,1
2023-05-20T07:16Z,M6.4,1
2023-05-20T09:18Z,M1.1,1
2023-05-20T10:48Z,M1.6,1
2023-05-20T12:25Z,M8.9,1
2023-05-20T14:54Z,M5.6,1
2023-05-20T18:57Z,M1.1,1
2023-05-20T22:52Z,M5.1,1
2023-05-20T23:08Z,M5.1,1
2023-05-21T15:49Z,M2.6,1
2023-05-22T13:30Z,M1.9,1
2023-05-23T12:07Z,M3.0,1
2023-05-24T09:51Z,M1.0,1
2023-05-24T17:04Z,M1.8,1
2023-05-25T14:37Z,M1.1,1
2023-05-26T22:48Z,M1.3,1
2023-05-27T19:12Z,C6.2,1
2023-05-28T10:21Z,M1.0,1
2023-05-30T07:54Z,M1.2,1
2023-05-30T10:15Z,M1.3,1
2023-05-30T13:36Z,M1.4,1
2023-05-31T04:24Z,M1.3,1
2023-05-31T12:23Z,M1.0,1
2023-05-31T21:47Z,M1.0,1
2023-05-31T22:14Z,M4.2,1
2023-06-01T00:20Z,C9.1,1
2023-06-02T02:32Z,M1.5,1
2023-06-07T06:16Z,C7.1,1
2023-06-07T11:18Z,M4.7,1
2023-06-07T18:25Z,C9.2,1
2023-06-09T16:48Z,M2.5,1
2023-06-15T12:33Z,C9.7,1
2023-06-16T05:21Z,M1.0,1
2023-06-16T10:20Z,M1.0,1
2023-06-16T19:52Z,M1.0,1
2023-06-18T00:25Z,M1.3,1
2023-06-18T13:25Z,M2.5,1
2023-06-19T03:37Z,M1.4,1
2023-06-19T12:06Z,M1.1,1
2023-06-20T11:09Z,M1.0,1
2023-06-20T11:17Z,M1.8,1
2023-06-20T15:44Z,M1.0,1
2023-06-20T16:27Z,M1.1,1
2023-06-20T16:42Z,X1.1,1
2023-06-21T12:31Z,M1.1,1
2023-06-21T15:31Z,M1.0,1
2023-06-22T10:57Z,M1.1,1
2023-06-22T23:29Z,M4.8,1
2023-06-24T12:11Z,M1.1,1
2023-06-26T16:08Z,M1.6,1
2023-06-27T14:57Z,M1.2,1
2023-06-27T15:19Z,C9.7,1
2023-06-28T08:26Z,M1.9,1
2023-06-29T14:00Z,M3.8,1
2023-07-01T22:07Z,M1.1,1
2023-07-02T02:29Z,M2.0,1
2023-07-02T22:54Z,X1.0,1
2023-07-03T06:43Z,M1.3,1
2023-07-03T21:02Z,C8.9,1
2023-07-04T12:20Z,M1.4,1
2023-07-05T18:36Z,M1.0,1
2023-07-06T05:42Z,C4.6,1
2023-07-06T10:32Z,M1.0,1
2023-07-07T06:17Z,M4.0,1
2023-07-10T03:29Z,M2.3,1
2023-07-10T22:06Z,M1.4,1
2023-07-11T14:19Z,M2.0,1
2023-07-11T16:02Z,M1.1,1
2023-07-11T16:25Z,M1.0,1
2023-07-11T17:51Z,M6.8,1
2023-07-11T19:20Z,M1.0,1
2023-07-11T22:04Z,M5.8,1
2023-07-11T23:34Z,M1.2,1
2023-07-12T00:21Z,M1.4,1
2023-07-12T04:31Z,M1.3,1
2023-07-12T05:10Z,M1.3,1
2023-07-12T08:49Z,M6.9,1
2023-07-13T18:55Z,M2.1,1
2023-07-14T09:22Z,M1.0,1
2023-07-14T18:27Z,C8.8,1
2023-07-15T07:21Z,M2.9,1
2023-07-15T09:43Z,M1.0,1
2023-07-15T10:05Z,M2.2,1
2023-07-15T19:50Z,C8.8,1
2023-07-16T08:16Z,M1.0,1
2023-07-16T08:31Z,C4.7,1
2023-07-16T14:57Z,M1.7,1
2023-07-16T17:36Z,M4.0,1
2023-07-17T22:41Z,M2.7,1
2023-07-17T23:18Z,M5.0,1
2023-07-17T23:37Z,M5.7,1
2023-07-18T06:45Z,M1.5,1
2023-07-18T19:32Z,M1.3,1
2023-07-18T20:00Z,M1.4,1
2023-07-18T20:16Z,M2.1,1
2023-07-19T10:49Z,M1.4,1
2023-07-19T17:04Z,M3.8,1
2023-07-22T03:12Z,M3.1,1
2023-07-22T04:12Z,M1.0,1
2023-07-23T14:47Z,C5.2,1
2023-07-25T01:36Z,M1.5,1
2023-07-25T21:08Z,M1.6,1
2023-07-26T04:21Z,M1.2,1
2023-07-26T10:17Z,M4.6,1
2023-07-26T15:50Z,M2.0,1
2023-07-26T16:10Z,M1.1,1
2023-07-27T09:44Z,M1.9,1
2023-07-27T22:04Z,M1.7,1
2023-07-28T15:39Z,M4.1,1
2023-07-29T06:55Z,C6.7,1
2023-07-29T16:11Z,M1.4,1
2023-07-30T08:01Z,M1.8,1
2023-07-30T08:18Z,M1.8,1
2023-07-31T08:42Z,M1.6,1
2023-08-01T01:38Z,M1.0,1
2023-08-01T01:58Z,M1.2,1
2023-08-01T04:27Z,M2.2,1
2023-08-01T05:30Z,M1.3,1
2023-08-01T06:28Z,M3.6,1
2023-08-01T09:03Z,M1.5,1
2023-08-01T14:03Z,M1.4,1
2023-08-01T19:48Z,C5.2,1
2023-08-01T21:39Z,M1.0,1
2023-08-02T08:03Z,M1.3,1
2023-08-02T10:44Z,M1.2,1
2023-08-02T14:46Z,M1.7,1
2023-08-02T16:13Z,M1.3,1
2023-08-02T19:09Z,M1.1,1
2023-08-03T11:47Z,M2.0,1
2023-08-04T03:38Z,M1.9,1
2023-08-05T06:18Z,M1.6,1
2023-08-05T09:23Z,M2.1,1
2023-08-05T21:45Z,X1.6,1
2023-08-06T18:20Z,M5.5,1
2023-08-07T04:29Z,M2.4,1
2023-08-07T15:30Z,M1.0,1
2023-08-07T16:24Z,M1.0,1
2023-08-07T19:37Z,M1.4,1
2023-08-07T20:30Z,X1.5,1
2023-08-08T09:20Z,M3.6,1
2023-08-10T02:26Z,C5.4,1
2023-08-12T08:23Z,M1.0,1
2023-08-14T20:30Z,C8.9,1
2023-08-17T02:19Z,C3.6,1
2023-08-17T12:14Z,C5.1,1
2023-08-17T17:16Z,C2.2,1
2023-08-18T10:30Z,C1.7,1
2023-08-18T19:09Z,C3.7,1
2023-08-18T21:17Z,C3.0,1
2023-08-21T12:18Z,C3.1,1
2023-08-21T23:47Z,C5.7,1
2023-08-22T22:35Z,M1.1,1
2023-08-24T19:23Z,C1.5,1
2023-08-24T19:39Z,C3.0,1
2023-08-25T00:56Z,M1.4,1
2023-08-25T11:04Z,B7.6,0
2023-08-25T11:11Z,C1.2,1
2023-08-26T12:44Z,C1.9,1
2023-08-26T22:05Z,M1.1,1
2023-08-31T04:51Z,C2.4,1
2023-09-01T03:26Z,M1.2,1
2023-09-01T21:48Z,C7.3,1
2023-09-01T21:48Z,C2.5,1
2023-09-02T06:33Z,M3.3,1
2023-09-03T00:14Z,M1.1,1
2023-09-03T04:00Z,C1.8,1
2023-09-03T05:18Z,C5.9,1
2023-09-03T08:09Z,M6.0,1
2023-09-03T11:31Z,C5.0,1
2023-09-03T12:03Z,C5.7,1
2023-09-04T13:34Z,C2.4,1
2023-09-05T08:03Z,M2.0,1
2023-09-05T19:33Z,M1.2,1
2023-09-05T23:21Z,M1.0,1
2023-09-07T18:58Z,M2.1,1
2023-09-11T01:08Z,M1.3,1
2023-09-11T03:58Z,M1.1,1
2023-09-11T14:38Z,M1.1,1
2023-09-12T04:18Z,M1.9,1
2023-09-12T04:31Z,M1.8,1
2023-09-12T06:47Z,M2.5,1
2023-09-14T06:40Z,M1.4,1
2023-09-14T19:23Z,M1.9,1
2023-09-14T21:17Z,M2.5,1
2023-09-15T22:19Z,M1.7,1
2023-09-16T00:38Z,M2.9,1
2023-09-16T05:28Z,M2.5,1
2023-09-16T05:34Z,M3.4,1
2023-09-19T03:45Z,M1.1,1
2023-09-19T09:23Z,M1.8,1
2023-09-19T15:39Z,C4.2,1
2023-09-19T20:01Z,M4.0,1
2023-09-20T14:11Z,M8.2,1
2023-09-21T12:42Z,M8.7,1
2023-09-22T02:25Z,M1.2,1
2023-09-22T15:53Z,M1.4,1
2023-09-22T17:06Z,M1.5,1
2023-09-22T22:25Z,M1.9,1
2023-09-23T20:14Z,M1.5,1
2023-09-24T03:17Z,M4.4,1
2023-09-24T14:51Z,M1.0,1
2023-09-28T08:58Z,M1.2,1
2023-09-30T03:57Z,C7.2,1
2023-09-30T16:16Z,M1.2,1
2023-10-01T01:10Z,M2.5,1
2023-10-01T01:44Z,M1.6,1
2023-10-02T12:35Z,M1.9,1
2023-10-02T15:53Z,C2.4,1
2023-10-07T17:57Z,M1.7,1
2023-10-10T01:55Z,M1.6,1
2023-10-10T12:08Z,M2.3,1
2023-10-12T04:50Z,M1.1,1
2023-10-12T05:56Z,C2.8,1
2023-10-16T10:32Z,C7.5,1
2023-10-17T04:41Z,C2.2,1
2023-10-25T12:55Z,C1.7,1
2023-10-25T21:57Z,C1.6,1
2023-10-26T22:47Z,M1.4,1
2023-10-31T20:16Z,C3.9,1
2023-11-01T06:07Z,M1.1,1
2023-11-01T11:37Z,M1.4,1
2023-11-02T05:15Z,C4.9,1
2023-11-02T12:18Z,M1.6,1
2023-11-02T19:08Z,M1.0,1
2023-11-03T04:40Z,C3.2,1
2023-11-05T11:34Z,M1.8,1
2023-11-05T14:24Z,M1.6,1
2023-11-09T10:53Z,C2.6,1
2023-11-11T17:01Z,M1.2,1
2023-11-14T03:40Z,C1.8,1
2023-11-14T22:58Z,M1.0,1
2023-11-15T03:55Z,C8.3,1
2023-11-15T12:05Z,C7.6,1
2023-11-16T20:03Z,C4.8,1
2023-11-18T05:37Z,M1.2,1
2023-11-18T16:34Z,M1.1,1
2023-11-18T22:26Z,M1.0,1
2023-11-20T08:54Z,M1.2,1
2023-11-22T18:58Z,C4.1,1
2023-11-23T02:59Z,M1.4,1
2023-11-23T14:25Z,M1.0,1
2023-11-24T09:17Z,M1.1,1
2023-11-26T07:38Z,C3.6,1
2023-11-27T18:21Z,C3.8,1
2023-11-27T23:13Z,C5.5,1
2023-11-28T19:07Z,M3.4,1
2023-11-28T19:35Z,M9.8,1
2023-11-30T22:37Z,C3.6,1
2023-12-01T02:52Z,C4.8,1
2023-12-01T04:12Z,M1.1,1
2023-12-01T11:48Z,C5.2,1
2023-12-01T20:55Z,M1.0,1
2023-12-05T06:39Z,M1.5,1
2023-12-05T06:48Z,C5.3,1
2023-12-05T20:59Z,M1.0,1
2023-12-05T21:17Z,M1.4,1
2023-12-06T05:30Z,M2.1,1
2023-12-06T21:26Z,M2.3,1
2023-12-08T22:57Z,M5.4,1
2023-12-09T09:41Z,M1.5,1
2023-12-09T13:03Z,M1.0,1
2023-12-10T03:42Z,M2.3,1
2023-12-10T22:37Z,M1.4,1
2023-12-11T19:56Z,C1.6,1
2023-12-12T22:29Z,C2.8,1
2023-12-14T07:11Z,M5.8,1
2023-12-14T13:29Z,M2.3,1
2023-12-14T16:47Z,X2.8,1
2023-12-15T07:03Z,M6.3,1
2023-12-15T07:23Z,M6.9,1
2023-12-16T13:19Z,C8.3,1
2023-12-17T20:08Z,M1.1,1
2023-12-20T09:23Z,C7.9,1
2023-12-21T05:19Z,M4.2,1
2023-12-21T23:42Z,M3.3,1
2023-12-22T00:57Z,C8.1,1
2023-12-22T04:46Z,C7.8,1
2023-12-24T11:09Z,M2.9,1
2023-12-24T16:37Z,M2.6,1
2023-12-24T19:21Z,M1.1,1
2023-12-31T18:44Z,M1.0,1
2023-12-31T21:37Z,X5.0,1
2024-01-01T08:33Z,M2.3,1
2024-01-01T11:54Z,M4.7,1
2024-01-02T18:02Z,M1.1,1
2024-01-04T01:08Z,M1.1,1
2024-01-04T01:22Z,M3.8,1
2024-01-06T05:28Z,C3.3,1
2024-01-06T05:41Z,C3.8,1
2024-01-06T05:53Z,C4.1,1
2024-01-06T06:06Z,C4.0,1
2024-01-10T12:39Z,M1.4,1
2024-01-10T18:56Z,C6.5,1
2024-01-10T20:28Z,C5.6,1
2024-01-10T23:18Z,M1.9,1
2024-01-11T08:07Z,C4.1,1
2024-01-11T12:44Z,M1.3,1
2024-01-11T17:49Z,M1.5,1
2024-01-11T19:08Z,M1.2,1
2024-01-12T02:55Z,M1.0,1
2024-01-14T11:30Z,C9.6,1
2024-01-17T05:05Z,C1.7,1
2024-01-20T08:35Z,C3.5,1
2024-01-21T00:03Z,C4.0,1
2024-01-21T00:35Z,C5.3,1
2024-01-22T06:09Z,M1.5,1
2024-01-22T19:13Z,M1.1,1
2024-01-22T19:28Z,M1.2,1
2024-01-22T19:43Z,M2.0,1
2024-01-22T21:14Z,M3.4,1
2024-01-22T21:36Z,M1.6,1
2024-01-22T22:19Z,M2.1,1
2024-01-23T03:09Z,M5.1,1
2024-01-23T06:45Z,C9.6,1
2024-01-23T07:52Z,M2.4,1
2024-01-23T08:18Z,M2.3,1
2024-01-23T09:17Z,C6.2,1
2024-01-23T13:03Z,M1.0,1
2024-01-23T14:45Z,M1.3,1
2024-01-23T16:36Z,M4.3,1
2024-01-23T18:19Z,M1.0,1
2024-01-23T18:35Z,M1.1,1
2024-01-23T19:46Z,M1.0,1
2024-01-23T19:57Z,M1.0,1
2024-01-24T00:21Z,M1.0,1
2024-01-24T01:31Z,M2.6,1
2024-01-24T05:18Z,M1.4,1
2024-01-24T12:44Z,C6.8,1
2024-01-24T20:44Z,M1.3,1
2024-01-24T21:27Z,C5.7,1
2024-01-28T15:52Z,C3.0,1
2024-01-29T01:29Z,M1.2,1
2024-01-29T03:54Z,M6.8,1
2024-01-30T00:07Z,C1.9,1
2024-02-01T06:36Z,C3.0,1
2024-02-01T14:57Z,C2.5,1
2024-02-02T02:52Z,M1.1,1
2024-02-02T10:48Z,C5.6,1
2024-02-02T15:25Z,C3.0,1
2024-02-02T16:22Z,C3.1,1
2024-02-04T11:40Z,M1.4,1
2024-02-04T16:22Z,M1.5,1
2024-02-04T17:05Z,M1.3,1
2024-02-04T18:16Z,M1.1,1
2024-02-04T20:52Z,M1.2,1
2024-02-04T22:20Z,M2.1,1
2024-02-04T22:34Z,M2.7,1
2024-02-05T04:13Z,M2.1,1
2024-02-05T06:10Z,M1.4,1
2024-02-06T02:15Z,M2.2,1
2024-02-06T02:37Z,M4.2,1
2024-02-06T18:38Z,M1.3,1
2024-02-07T03:04Z,M5.1,1
2024-02-07T17:41Z,M1.3,1
2024-02-08T12:41Z,M3.4,1
2024-02-08T14:11Z,M1.2,1
2024-02-08T15:17Z,M1.8,1
2024-02-08T16:12Z,C6.1,1
2024-02-08T18:56Z,M1.3,1
2024-02-08T23:16Z,M3.9,1
2024-02-09T00:36Z,M3.1,1
2024-02-09T12:53Z,X3.3,1
2024-02-09T17:54Z,M1.2,1
2024-02-10T00:42Z,M1.5,1
2024-02-10T03:04Z,M3.4,1
2024-02-10T22:56Z,M9.0,1
2024-02-11T22:35Z,M1.0,1
2024-02-12T03:23Z,M6.5,1
2024-02-12T12:50Z,M1.1,1
2024-02-12T15:31Z,M1.4,1
2024-02-12T20:35Z,M2.6,1
2024-02-13T07:28Z,C5.0,1
2024-02-14T03:02Z,M1.0,1
2024-02-14T07:26Z,M1.0,1
2024-02-15T16:50Z,M1.8,1
2024-02-16T06:42Z,X2.5,1
2024-02-16T16:15Z,C6.1,1
2024-02-16T21:57Z,M3.0,1
2024-02-19T23:00Z,C3.8,1
2024-02-21T15:39Z,C4.1,1
2024-02-21T22:52Z,X1.8,1
2024-02-21T23:58Z,M1.5,1
2024-02-22T06:17Z,X1.7,1
2024-02-22T16:17Z,C9.4,1
2024-02-22T20:29Z,M4.8,1
2024-02-22T22:08Z,X6.3,1
2024-02-23T13:12Z,M1.0,1
2024-02-23T15:41Z,M1.4,1
2024-02-23T16:12Z,M1.0,1
2024-02-23T17:26Z,M2.6,1
2024-02-24T06:21Z,M4.5,1
2024-02-24T10:32Z,M2.2,1
2024-02-24T11:03Z,M3.6,1
2024-02-24T11:54Z,M1.0,1
2024-02-25T16:47Z,M2.0,1
2024-02-28T08:56Z,C5.1,1
2024-02-28T16:24Z,M1.5,1
2024-03-07T22:02Z,C3.5,1
2024-03-08T21:18Z,M1.3,1
2024-03-10T12:00Z,M7.4,1
2024-03-12T10:06Z,C3.3,1
2024-03-14T05:52Z,M1.0,1
2024-03-15T02:00Z,C4.9,1
2024-03-15T05:32Z,C6.0,1
2024-03-16T16:22Z,M3.5,1
2024-03-16T21:27Z,M1.1,1
2024-03-18T03:21Z,M2.7,1
2024-03-18T04:06Z,M1.0,1
2024-03-18T19:02Z,M6.7,1
2024-03-19T02:24Z,M1.4,1
2024-03-19T23:17Z,M2.1,1
2024-03-20T07:23Z,M7.4,1
2024-03-20T22:46Z,M1.9,1
2024-03-22T13:45Z,C8.4,1
2024-03-22T20:18Z,M4.2,1
2024-03-23T00:58Z,X1.1,1
2024-03-23T06:47Z,M1.1,1
2024-03-23T07:01Z,M2.4,1
2024-03-23T07:26Z,M3.1,1
2024-03-23T11:22Z,M1.0,1
2024-03-23T12:36Z,M1.3,1
2024-03-23T13:04Z,M1.1,1
2024-03-23T13:31Z,M1.9,1
2024-03-23T13:51Z,M5.3,1
2024-03-23T14:49Z,M1.5,1
2024-03-23T15:01Z,M3.8,1
2024-03-23T15:17Z,M3.7,1
2024-03-23T16:22Z,M2.8,1
2024-03-23T23:30Z,M2.4,1
2024-03-24T00:51Z,C9.9,1
2024-03-24T01:12Z,M1.4,1
2024-03-24T01:43Z,M2.1,1
2024-03-24T01:57Z,M2.3,1
2024-03-24T02:09Z,M2.7,1
2024-03-24T05:59Z,M2.2,1
2024-03-24T07:36Z,M1.3,1
2024-03-24T12:10Z,M1.1,1
2024-03-24T12:27Z,M1.0,1
2024-03-24T13:00Z,M1.2,1
2024-03-25T06:37Z,M4.4,1
2024-03-25T14:30Z,C5.9,1
2024-03-26T00:28Z,M1.8,1
2024-03-26T10:11Z,M1.0,1
2024-03-26T10:36Z,M1.3,1
2024-03-26T12:55Z,M1.9,1
2024-03-26T13:41Z,M1.7,1
2024-03-26T21:43Z,M1.6,1
2024-03-27T01:37Z,M1.1,1
2024-03-27T06:33Z,M1.1,1
2024-03-28T06:16Z,M7.0,1
2024-03-28T15:40Z,M6.1,1
2024-03-28T19:21Z,M1.1,1
2024-03-28T20:29Z,M9.7,1
2024-03-28T20:50Z,X1.1,1
2024-03-29T02:17Z,M3.2,1
2024-03-29T18:22Z,M1.0,1
2024-03-29T19:19Z,M1.2,1
2024-03-30T21:01Z,M9.4,1
2024-03-30T22:49Z,M4.5,1
2024-04-01T01:13Z,M3.9,1
2024-04-11T16:52Z,M5.4,1
2024-04-12T17:45Z,C8.9,1
2024-04-13T04:58Z,M2.4,1
2024-04-13T14:48Z,C5.5,1
2024-04-13T21:01Z,C2.1,1
2024-04-14T02:24Z,M4.3,1
2024-04-14T10:24Z,C5.0,1
2024-04-15T01:06Z,M1.7,1
2024-04-15T05:47Z,C5.6,1
2024-04-15T07:15Z,M1.0,1
2024-04-15T08:38Z,M2.3,1
2024-04-15T09:21Z,M1.2,1
2024-04-15T13:43Z,M1.1,1
2024-04-15T14:01Z,M1.4,1
2024-04-15T14:08Z,M2.2,1
2024-04-15T19:25Z,M4.0,1
2024-04-16T17:49Z,M1.1,1
2024-04-17T20:00Z,C9.0,1
2024-04-17T20:06Z,C9.7,1
2024-04-17T21:55Z,M1.6,1
2024-04-18T02:32Z,M2.2,1
2024-04-18T07:17Z,M1.3,1
2024-04-18T19:22Z,M1.6,1
2024-04-19T04:40Z,M2.1,1
2024-04-19T12:53Z,M1.0,1
2024-04-20T08:36Z,C3.9,1
2024-04-21T02:22Z,C5.9,1
2024-04-21T10:51Z,C2.7,1
2024-04-21T12:11Z,C3.6,1
2024-04-21T12:39Z,M1.0,1
2024-04-21T15:07Z,M2.2,1
2024-04-21T21:44Z,M3.4,1
2024-04-22T05:27Z,C8.9,1
2024-04-22T07:58Z,M1.0,1
2024-04-22T12:07Z,C5.9,1
2024-04-22T13:13Z,M1.6,1
2024-04-22T14:46Z,M1.1,1
2024-04-22T15:08Z,M1.6,1
2024-04-22T15:41Z,M2.8,1
2024-04-22T16:26Z,M1.0,1
2024-04-22T21:05Z,M1.5,1
2024-04-22T22:59Z,M1.0,1
2024-04-23T03:06Z,M3.6,1
2024-04-23T08:07Z,M3.0,1
2024-04-23T16:25Z,M1.0,1
2024-04-23T17:33Z,M2.9,1
2024-04-24T00:13Z,M1.7,1
2024-04-24T00:38Z,M1.6,1
2024-04-24T02:30Z,M1.8,1
2024-04-24T12:07Z,M1.4,1
2024-04-24T14:02Z,C9.4,1
2024-04-24T22:27Z,M1.1,1
2024-04-24T22:54Z,M2.0,1
2024-04-25T01:40Z,M1.0,1
2024-04-25T02:39Z,M1.0,1
2024-04-25T03:05Z,M1.0,1
2024-04-25T13:11Z,M1.0,1
2024-04-25T17:03Z,M1.3,1
2024-04-27T12:23Z,M2.1,1
2024-04-27T21:29Z,M3.0,1
2024-04-29T00:33Z,M2.5,1
2024-04-29T00:54Z,M3.7,1
2024-04-30T00:46Z,M1.6,1
2024-04-30T14:50Z,M1.2,1
2024-04-30T16:11Z,M1.3,1
2024-04-30T23:23Z,M9.5,1
2024-05-01T05:53Z,C5.3,1
2024-05-01T14:17Z,M1.8,1
2024-05-01T14:37Z,M1.9,1
2024-05-01T22:26Z,M1.8,1
2024-05-02T02:07Z,M1.0,1
2024-05-02T20:52Z,M2.7,1
2024-05-03T00:08Z,M2.7,1
2024-05-03T02:11Z,X1.6,1
2024-05-03T08:05Z,M4.4,1
2024-05-03T22:25Z,M1.2,1
2024-05-03T23:11Z,M1.0,1
2024-05-03T23:24Z,M2.4,1
2024-05-04T00:26Z,M1.6,1
2024-05-04T06:02Z,M9.1,1
2024-05-04T07:04Z,M1.5,1
2024-05-04T18:10Z,M1.3,1
2024-05-04T22:23Z,M3.2,1
2024-05-04T23:28Z,M9.0,1
2024-05-05T01:15Z,M8.4,1
2024-05-05T03:01Z,C8.8,1
2024-05-05T05:47Z,X1.3,1
2024-05-05T08:07Z,M1.3,1
2024-05-05T09:23Z,M2.3,1
2024-05-05T09:53Z,M7.4,1
2024-05-05T11:41Z,X1.2,1
2024-05-05T14:33Z,M1.3,1
2024-05-05T15:28Z,M2.2,1
2024-05-05T16:55Z,M1.3,1
2024-05-05T18:34Z,M1.0,1
2024-05-05T19:44Z,M1.3,1
2024-05-06T00:47Z,M1.6,1
2024-05-06T05:09Z,M1.3,1
2024-05-06T05:38Z,X4.5,1
2024-05-06T09:49Z,M1.5,1
2024-05-06T21:37Z,M1.2,1
2024-05-06T21:58Z,M4.3,1
2024-05-07T00:41Z,M2.6,1
2024-05-07T05:58Z,M5.1,1
2024-05-07T08:18Z,M1.3,1
2024-05-07T08:28Z,M1.4,1
2024-05-07T11:40Z,M2.4,1
2024-05-07T12:43Z,M1.5,1
2024-05-07T13:16Z,M1.0,1
2024-05-07T13:32Z,M1.0,1
2024-05-07T16:21Z,M8.2,1
2024-05-07T19:58Z,M2.1,1
2024-05-07T20:45Z,M1.2,1
2024-05-07T21:13Z,M3.3,1
2024-05-07T21:42Z,M3.3,1
2024-05-07T22:55Z,M1.6,1
2024-05-08T01:33Z,X1.0,1
2024-05-08T02:16Z,M3.4,1
2024-05-08T03:19Z,M1.8,1
2024-05-08T03:38Z,M1.9,1
2024-05-08T04:20Z,M3.5,1
2024-05-08T04:37Z,X1.0,1
2024-05-08T06:44Z,M7.1,1
2024-05-08T07:29Z,M4.5,1
2024-05-08T09:31Z,M1.8,1
2024-05-08T09:43Z,M2.1,1
2024-05-08T11:09Z,M4.1,1
2024-05-08T11:26Z,M8.6,1
2024-05-08T17:32Z,M7.9,1
2024-05-08T18:14Z,M2.9,1
2024-05-08T19:15Z,M2.0,1
2024-05-08T20:27Z,M1.7,1
2024-05-08T21:08Z,X1.0,1
2024-05-08T22:05Z,M9.8,1
2024-05-09T00:58Z,M1.8,1
2024-05-09T03:07Z,M4.0,1
2024-05-09T03:23Z,M4.5,1
2024-05-09T04:44Z,M1.7,1
2024-05-09T05:35Z,M1.2,1
2024-05-09T06:03Z,M2.3,1
2024-05-09T06:24Z,M2.4,1
2024-05-09T07:54Z,M1.2,1
2024-05-09T08:30Z,M2.1,1
2024-05-09T08:45Z,X2.2,1
2024-05-09T11:52Z,M3.1,1
2024-05-09T12:05Z,M2.9,1
2024-05-09T13:16Z,M3.7,1
2024-05-09T14:01Z,M1.0,1
2024-05-09T17:23Z,X1.1,1
2024-05-09T21:15Z,M1.0,1
2024-05-09T22:08Z,M1.0,1
2024-05-09T22:24Z,M2.6,1
2024-05-09T23:04Z,M1.2,1
2024-05-09T23:44Z,M1.5,1
2024-05-10T00:10Z,M1.3,1
2024-05-10T03:15Z,M1.4,1
2024-05-10T06:14Z,M1.3,1
2024-05-10T06:27Z,X3.9,1
2024-05-10T10:10Z,M2.2,1
2024-05-10T13:58Z,M5.9,1
2024-05-10T17:14Z,M1.2,1
2024-05-10T17:54Z,M1.2,1
2024-05-10T18:26Z,M1.1,1
2024-05-10T18:38Z,M1.7,1
2024-05-10T18:57Z,M2.0,1
2024-05-10T19:35Z,M1.1,1
2024-05-10T19:56Z,M1.9,1
2024-05-10T20:59Z,M3.8,1
2024-05-10T21:15Z,M2.4,1
2024-05-11T01:10Z,X5.8,1
2024-05-11T04:28Z,M1.3,1
2024-05-11T07:26Z,M1.2,1
2024-05-11T08:14Z,M1.3,1
2024-05-11T08:45Z,M1.4,1
2024-05-11T09:05Z,M1.7,1
2024-05-11T10:03Z,M3.1,1
2024-05-11T10:53Z,M1.6,1
2024-05-11T11:15Z,X1.5,1
2024-05-11T13:45Z,M1.7,1
2024-05-11T14:46Z,M8.8,1
2024-05-11T16:27Z,M2.9,1
2024-05-11T20:32Z,M1.2,1
2024-05-12T00:41Z,M3.2,1
2024-05-12T05:37Z,M2.4,1
2024-05-12T12:27Z,M1.6,1
2024-05-12T13:40Z,M1.0,1
2024-05-12T13:49Z,M1.5,1
2024-05-12T16:11Z,X1.0,1
2024-05-12T20:17Z,M4.8,1
2024-05-12T22:01Z,M1.1,1
2024-05-12T22:14Z,M1.1,1
2024-05-12T23:00Z,M1.0,1
2024-05-13T01:23Z,M1.2,1
2024-05-13T08:06Z,M1.2,1
2024-05-13T08:23Z,M1.4,1
2024-05-13T08:47Z,M4.9,1
2024-05-13T09:36Z,M6.6,1
2024-05-13T12:56Z,M3.7,1
2024-05-13T14:02Z,M1.4,1
2024-05-13T14:12Z,M1.5,1
2024-05-13T17:32Z,M1.0,1
2024-05-13T18:38Z,M1.0,1
2024-05-13T21:48Z,M1.5,1
2024-05-14T01:23Z,M2.5,1
2024-05-14T02:03Z,X1.7,1
2024-05-14T04:05Z,C6.5,1
2024-05-14T12:40Z,X1.2,1
2024-05-14T16:46Z,X8.7,1
2024-05-14T17:25Z,M4.4,1
2024-05-15T08:18Z,X3.4,1
2024-05-15T09:50Z,M3.5,1
2024-05-15T13:56Z,M2.9,1
2024-05-15T14:10Z,M3.2,1
2024-05-15T14:20Z,X2.9,1
2024-05-16T07:50Z,M1.0,1
2024-05-17T20:33Z,M7.2,1
2024-05-19T13:37Z,M1.9,1
2024-05-19T17:47Z,M2.5,1
2024-05-19T21:53Z,M1.6,1
2024-05-21T07:20Z,C4.8,1
2024-05-21T14:00Z,C6.6,1
2024-05-21T19:19Z,M1.9,1
2024-05-22T03:02Z,M1.5,1
2024-05-22T03:38Z,M2.3,1
2024-05-22T13:51Z,M1.2,1
2024-05-23T02:05Z,M4.2,1
2024-05-23T04:03Z,M1.7,1
2024-05-23T10:03Z,M1.0,1
2024-05-23T12:48Z,M2.5,1
2024-05-23T15:53Z,M1.0,1
2024-05-24T06:28Z,M1.4,1
2024-05-24T07:51Z,M1.0,1
2024-05-24T08:08Z,M1.3,1
2024-05-24T20:05Z,M1.4,1
2024-05-27T06:49Z,X2.8,1
2024-05-29T00:57Z,M1.3,1
2024-05-29T06:33Z,M1.4,1
2024-05-29T07:01Z,M1.0,1
2024-05-29T11:09Z,M1.8,1
2024-05-29T12:45Z,M2.5,1
2024-05-29T14:11Z,X1.4,1
2024-05-29T15:44Z,M5.9,1
2024-05-29T18:15Z,M2.7,1
2024-05-29T18:32Z,M5.7,1
2024-05-30T06:49Z,M1.0,1
2024-05-31T11:06Z,M1.0,1
2024-05-31T21:52Z,X1.1,1
2024-06-01T08:26Z,X1.4,1
2024-06-01T18:24Z,X1.0,1
2024-06-01T19:03Z,M7.3,1
2024-06-02T04:41Z,M1.2,1
2024-06-02T08:40Z,M2.0,1
2024-06-03T04:59Z,M1.0,1
2024-06-03T11:49Z,M3.2,1
2024-06-03T12:18Z,M2.8,1
2024-06-03T13:58Z,M4.8,1
2024-06-04T06:09Z,M2.4,1
2024-06-04T08:57Z,M1.6,1
2024-06-05T08:32Z,M3.4,1
2024-06-05T09:52Z,M2.6,1
2024-06-06T14:50Z,M6.1,1
2024-06-07T08:52Z,M4.0,1
2024-06-07T16:11Z,M1.2,1
2024-06-08T00:18Z,M1.8,1
2024-06-08T00:39Z,M3.3,1
2024-06-08T01:23Z,M9.7,1
2024-06-08T03:13Z,M1.6,1
2024-06-08T05:17Z,M1.5,1
2024-06-08T08:34Z,M1.2,1
2024-06-08T08:54Z,M1.2,1
2024-06-08T20:53Z,M1.0,1
2024-06-09T06:49Z,M1.6,1
2024-06-09T08:02Z,M1.2,1
2024-06-09T19:50Z,M1.0,1
2024-06-10T05:58Z,M3.3,1
2024-06-10T09:38Z,M2.2,1
2024-06-10T10:18Z,M5.3,1
2024-06-10T11:03Z,X1.5,1
2024-06-10T13:20Z,M1.3,1
2024-06-10T18:11Z,M9.5,1
2024-06-12T22:24Z,M1.2,1
2024-06-13T16:34Z,M3.2,1
2024-06-14T04:14Z,M2.4,1
2024-06-15T06:00Z,M1.3,1
2024-06-17T07:54Z,M1.5,1
2024-06-17T10:42Z,M1.5,1
2024-06-17T19:57Z,M1.3,1
2024-06-18T11:14Z,M2.4,1
2024-06-18T12:11Z,M1.1,1
2024-06-19T06:15Z,M1.1,1
2024-06-20T15:09Z,M1.1,1
2024-06-20T23:00Z,M5.7,1
2024-06-22T04:22Z,M1.2,1
2024-06-22T08:43Z,M2.8,1
2024-06-22T11:00Z,M1.0,1
2024-06-23T06:16Z,M2.4,1
2024-06-23T11:26Z,M1.2,1
2024-06-23T12:51Z,M9.3,1
2024-06-24T04:08Z,M1.3,1
2024-06-24T04:45Z,M1.8,1
2024-06-24T06:59Z,M1.2,1
2024-06-24T07:43Z,M1.0,1
2024-06-24T11:09Z,M1.1,1
2024-06-24T11:44Z,M1.5,1
2024-06-24T19:02Z,M1.1,1
2024-06-25T12:26Z,M1.0,1
2024-06-26T14:42Z,C6.2,1
2024-06-27T17:02Z,C2.0,1
2024-06-29T13:08Z,C2.3,1
2024-06-30T15:25Z,C2.1,1
2024-07-01T10:51Z,M2.1,1
2024-07-02T20:45Z,C4.7,1
2024-07-03T07:29Z,M1.5,1
2024-07-04T14:06Z,M1.0,1
2024-07-04T19:54Z,M1.4,1
2024-07-06T22:52Z,M1.0,1
2024-07-07T19:38Z,M1.0,1
2024-07-07T21:14Z,M1.3,1
2024-07-07T21:42Z,M1.1,1
2024-07-07T21:54Z,M1.4,1
2024-07-07T22:04Z,M2.4,1
2024-07-07T23:20Z,M1.0,1
2024-07-08T11:05Z,C4.2,1
2024-07-08T12:34Z,M1.1,1
2024-07-09T05:44Z,C5.6,1
2024-07-10T05:44Z,M1.5,1
2024-07-10T09:26Z,M1.3,1
2024-07-10T11:44Z,M1.4,1
2024-07-10T12:51Z,M1.1,1
2024-07-10T15:25Z,M1.0,1
2024-07-11T04:03Z,M1.2,1
2024-07-11T04:20Z,M1.3,1
2024-07-11T04:29Z,M1.2,1
2024-07-11T06:17Z,M1.2,1
2024-07-13T02:55Z,M1.4,1
2024-07-13T12:21Z,M5.3,1
2024-07-13T14:59Z,M1.8,1
2024-07-13T15:41Z,M1.9,1
2024-07-13T19:25Z,M1.0,1
2024-07-13T22:44Z,M5.0,1
2024-07-14T01:05Z,M1.7,1
2024-07-14T02:23Z,X1.2,1
2024-07-14T03:48Z,M1.0,1
2024-07-14T04:05Z,M3.0,1
2024-07-14T10:16Z,M1.0,1
2024-07-14T20:50Z,M1.0,1
2024-07-15T03:29Z,M1.2,1
2024-07-15T09:21Z,M2.7,1
2024-07-15T10:08Z,M1.9,1
2024-07-15T10:36Z,M1.1,1
2024-07-16T02:49Z,M1.4,1
2024-07-16T07:24Z,M3.6,1
2024-07-16T13:11Z,X1.9,1
2024-07-16T21:06Z,M1.6,1
2024-07-16T21:46Z,M1.9,1
2024-07-17T06:26Z,M5.0,1
2024-07-17T07:01Z,M3.4,1
2024-07-17T09:26Z,M1.2,1
2024-07-17T19:40Z,M1.2,1
2024-07-17T19:53Z,M2.0,1
2024-07-18T10:04Z,M2.2,1
2024-07-18T10:20Z,M2.0,1
2024-07-19T08:13Z,M3.2,1
2024-07-19T17:53Z,M2.0,1
2024-07-19T22:44Z,M1.0,1
2024-07-20T07:10Z,M1.8,1
2024-07-20T18:36Z,M1.5,1
2024-07-21T03:46Z,M1.4,1
2024-07-21T08:28Z,M1.5,1
2024-07-21T16:18Z,M1.0,1
2024-07-21T23:21Z,M3.2,1
2024-07-22T03:27Z,M1.4,1
2024-07-22T03:55Z,M3.9,1
2024-07-22T04:14Z,M1.9,1
2024-07-22T09:31Z,M1.4,1
2024-07-22T12:47Z,M1.5,1
2024-07-23T13:49Z,M2.4,1
2024-07-24T07:28Z,M3.6,1
2024-07-24T17:07Z,M3.0,1
2024-07-25T00:24Z,C8.4,1
2024-07-25T15:27Z,M1.3,1
2024-07-26T02:41Z,C3.9,1
2024-07-26T04:30Z,M1.7,1
2024-07-27T02:21Z,M4.2,1
2024-07-27T05:12Z,M3.1,1
2024-07-27T06:25Z,M1.5,1
2024-07-27T10:16Z,M2.0,1
2024-07-27T10:50Z,M1.8,1
2024-07-27T17:50Z,M2.7,1
2024-07-27T18:24Z,M3.4,1
2024-07-28T01:39Z,M7.8,1
2024-07-28T01:53Z,M9.9,1
2024-07-28T03:37Z,M1.5,1
2024-07-28T10:27Z,M7.7,1
2024-07-28T12:43Z,M2.6,1
2024-07-28T13:46Z,M1.6,1
2024-07-28T18:08Z,M1.3,1
2024-07-28T20:25Z,M1.9,1
2024-07-29T01:07Z,C8.9,1
2024-07-29T02:33Z,X1.5,1
2024-07-29T05:10Z,M1.0,1
2024-07-29T12:16Z,M1.6,1
2024-07-29T12:47Z,M8.7,1
2024-07-29T14:04Z,M4.2,1
2024-07-29T19:40Z,M6.4,1
2024-07-29T20:55Z,M1.1,1
2024-07-30T00:52Z,M1.7,1
2024-07-30T01:20Z,M1.2,1
2024-07-30T01:30Z,M1.3,1
2024-07-30T01:35Z,M1.4,1
2024-07-30T06:16Z,M1.5,1
2024-07-30T16:12Z,M1.5,1
2024-07-30T19:10Z,M1.9,1
2024-07-30T19:25Z,M9.4,1
2024-07-31T01:43Z,M1.9,1
2024-07-31T05:07Z,M4.7,1
2024-07-31T06:28Z,M7.7,1
2024-07-31T12:45Z,M6.0,1
2024-07-31T13:26Z,M4.4,1
2024-07-31T16:10Z,M1.4,1
2024-07-31T18:05Z,M5.3,1
2024-07-31T19:57Z,M1.0,1
2024-07-31T21:36Z,M1.2,1
2024-07-31T22:42Z,M1.0,1
2024-08-01T00:50Z,M1.2,1
2024-08-01T00:52Z,M1.1,1
2024-08-01T01:47Z,M6.3,1
2024-08-01T02:58Z,M1.2,1
2024-08-01T03:59Z,M1.9,1
2024-08-01T04:35Z,M4.0,1
2024-08-01T05:52Z,M1.5,1
2024-08-01T06:23Z,M8.2,1
2024-08-01T06:27Z,M1.6,1
2024-08-01T08:06Z,M2.2,1
2024-08-01T08:24Z,M1.7,1
2024-08-01T11:09Z,M4.1,1
2024-08-01T12:12Z,M3.3,1
2024-08-01T12:35Z,M2.1,1
2024-08-01T16:04Z,M1.0,1
2024-08-01T16:33Z,M1.3,1
2024-08-01T16:44Z,M1.6,1
2024-08-01T17:01Z,M1.0,1
2024-08-01T17:22Z,M1.3,1
2024-08-01T20:12Z,M1.2,1
2024-08-01T23:00Z,M1.4,1
2024-08-02T01:54Z,M1.0,1
2024-08-02T03:17Z,M1.1,1
2024-08-02T03:53Z,M1.1,1
2024-08-02T04:23Z,M7.4,1
2024-08-02T07:51Z,M2.1,1
2024-08-02T08:19Z,M1.3,1
2024-08-02T09:08Z,M1.2,1
2024-08-02T09:45Z,M1.6,1
2024-08-02T12:28Z,M1.2,1
2024-08-02T13:44Z,M1.1,1
2024-08-02T15:21Z,M1.5,1
2024-08-02T23:41Z,M1.3,1
2024-08-03T00:22Z,M1.0,1
2024-08-03T04:45Z,M1.5,1
2024-08-03T06:52Z,M1.5,1
2024-08-03T07:11Z,M1.9,1
2024-08-03T13:26Z,M1.8,1
2024-08-03T16:49Z,M2.8,1
2024-08-03T17:13Z,M1.9,1
2024-08-03T18:29Z,M7.3,1
2024-08-03T19:17Z,M5.4,1
2024-08-04T01:45Z,M1.4,1
2024-08-04T09:35Z,M1.2,1
2024-08-04T09:48Z,M1.1,1
2024-08-04T10:03Z,M1.4,1
2024-08-04T10:27Z,M1.9,1
2024-08-04T15:11Z,M2.2,1
2024-08-04T22:04Z,M1.0,1
2024-08-05T02:22Z,M1.1,1
2024-08-05T05:13Z,M6.1,1
2024-08-05T09:49Z,M1.7,1
2024-08-05T13:24Z,X1.7,1
2024-08-05T15:18Z,X1.1,1
2024-08-05T17:56Z,M1.0,1
2024-08-05T18:20Z,M1.2,1
2024-08-06T02:50Z,M1.1,1
2024-08-07T01:55Z,C8.5,1
2024-08-07T02:21Z,M1.8,1
2024-08-07T04:52Z,M1.1,1
2024-08-07T13:30Z,M4.5,1
2024-08-07T18:31Z,M5.0,1
2024-08-08T00:49Z,M2.1,1
2024-08-08T03:27Z,M1.3,1
2024-08-08T11:24Z,M1.6,1
2024-08-08T12:05Z,M1.0,1
2024-08-08T12:56Z,M1.0,1
2024-08-08T13:36Z,M1.5,1
2024-08-08T19:01Z,X1.3,1
2024-08-08T22:46Z,M1.2,1
2024-08-09T10:41Z,M1.2,1
2024-08-09T11:56Z,M1.4,1
2024-08-09T12:38Z,M1.0,1
2024-08-09T12:51Z,M1.0,1
2024-08-09T20:27Z,M1.0,1
2024-08-09T21:10Z,M4.5,1
2024-08-09T21:50Z,M2.9,1
2024-08-09T23:43Z,M1.1,1
2024-08-10T00:52Z,M1.3,1
2024-08-10T02:14Z,M5.3,1
2024-08-10T04:03Z,M1.6,1
2024-08-10T14:09Z,M1.3,1
2024-08-10T15:11Z,M1.2,1
2024-08-11T00:22Z,M1.0,1
2024-08-11T01:09Z,M1.0,1
2024-08-11T05:23Z,M1.6,1
2024-08-11T19:57Z,M1.6,1
2024-08-11T23:40Z,M1.2,1
2024-08-12T22:47Z,M1.2,1
2024-08-13T07:30Z,C6.6,1
2024-08-13T17:25Z,M1.0,1
2024-08-13T22:38Z,M1.3,1
2024-08-13T23:26Z,M4.2,1
2024-08-14T03:33Z,M4.4,1
2024-08-14T06:00Z,X1.1,1
2024-08-14T13:16Z,M1.0,1
2024-08-14T15:44Z,M5.3,1
2024-08-15T03:35Z,M1.1,1
2024-08-16T13:13Z,M1.3,1
2024-08-16T14:00Z,C5.9,1
2024-08-17T10:24Z,M1.6,1
2024-08-17T11:22Z,M1.1,1
2024-08-17T21:37Z,M1.1,1
2024-08-17T21:57Z,M1.4,1
2024-08-18T01:50Z,M2.4,1
2024-08-18T04:07Z,M1.1,1
2024-08-18T07:15Z,M1.2,1
2024-08-18T20:52Z,M1.3,1
2024-08-18T23:46Z,M1.4,1
2024-08-19T09:28Z,M1.3,1
2024-08-19T21:41Z,M3.7,1
2024-08-19T22:55Z,M1.0,1
2024-08-20T04:37Z,M1.2,1
2024-08-20T17:06Z,M1.3,1
2024-08-21T05:53Z,M1.1,1
2024-08-21T21:59Z,M5.1,1
2024-08-22T08:04Z,C5.6,1
2024-08-22T10:32Z,M1.5,1
2024-08-23T01:05Z,C5.6,1
2024-08-23T03:31Z,M3.4,1
2024-08-23T04:12Z,M1.0,1
2024-08-23T13:50Z,M1.7,1
2024-08-23T14:52Z,M1.7,1
2024-08-23T16:33Z,M1.1,1
2024-08-23T19:23Z,M1.1,1
2024-08-23T19:39Z,M3.4,1
2024-08-23T20:08Z,M5.1,1
2024-08-24T00:02Z,M1.6,1
2024-08-24T18:46Z,M1.0,1
2024-08-24T19:17Z,M1.4,1
2024-08-24T21:28Z,M1.3,1
2024-08-24T23:18Z,M1.7,1
2024-08-26T11:28Z,M1.4,1
2024-08-27T09:30Z,M1.1,1
2024-08-30T02:00Z,M1.2,1
2024-08-30T12:13Z,M3.8,1
2024-08-31T00:38Z,M1.1,1
2024-08-31T02:26Z,M1.2,1
2024-08-31T08:52Z,M1.2,1
2024-08-31T12:50Z,M1.8,1
2024-09-01T07:47Z,M1.4,1
2024-09-01T11:45Z,M5.5,1
2024-09-01T16:14Z,M1.9,1
2024-09-01T18:00Z,M1.1,1
2024-09-01T19:55Z,M1.1,1
2024-09-01T20:13Z,M1.0,1
2024-09-01T22:37Z,M1.5,1
2024-09-02T05:21Z,M1.9,1
2024-09-02T13:13Z,M1.8,1
2024-09-02T13:34Z,M2.9,1
2024-09-02T19:57Z,M1.4,1
2024-09-02T20:56Z,M1.8,1
2024-09-02T22:35Z,M1.5,1
2024-09-03T07:12Z,M1.4,1
2024-09-03T15:51Z,M3.3,1
2024-09-03T16:08Z,M2.9,1
2024-09-04T02:43Z,M1.4,1
2024-09-04T04:49Z,M1.2,1
2024-09-04T05:55Z,M1.0,1
2024-09-04T06:07Z,M1.0,1
2024-09-04T13:08Z,M1.0,1
2024-09-04T19:41Z,M1.2,1
2024-09-05T00:17Z,M1.0,1
2024-09-05T03:12Z,M1.1,1
2024-09-05T03:37Z,M1.0,1
2024-09-05T08:47Z,M2.8,1
2024-09-05T09:02Z,M1.4,1
2024-09-05T09:26Z,M1.6,1
2024-09-05T13:20Z,M1.3,1
2024-09-07T06:17Z,M1.6,1
2024-09-08T15:07Z,M1.5,1
2024-09-09T00:57Z,M1.0,1
2024-09-09T05:18Z,M1.2,1
2024-09-09T05:40Z,M1.8,1
2024-09-09T08:41Z,M1.5,1
2024-09-09T09:18Z,M1.1,1
2024-09-09T09:57Z,M1.7,1
2024-09-09T12:11Z,M1.0,1
2024-09-09T16:58Z,M3.4,1
2024-09-09T23:47Z,M1.2,1
2024-09-10T15:34Z,M1.6,1
2024-09-10T23:38Z,M1.0,1
2024-09-11T12:27Z,M1.8,1
2024-09-11T15:09Z,M1.4,1
2024-09-11T15:24Z,M1.8,1
2024-09-11T17:16Z,M1.6,1
2024-09-11T17:44Z,M2.0,1
2024-09-11T23:49Z,M5.0,1
2024-09-12T03:55Z,M1.0,1
2024-09-12T04:26Z,M1.2,1
2024-09-12T06:04Z,M2.7,1
2024-09-12T09:31Z,X1.3,1
2024-09-12T13:13Z,M1.2,1
2024-09-12T14:31Z,M6.8,1
2024-09-12T14:56Z,M1.6,1
2024-09-12T18:46Z,C9.7,1
2024-09-12T21:36Z,M2.0,1
2024-09-12T23:57Z,M1.2,1
2024-09-13T00:46Z,M1.5,1
2024-09-13T01:29Z,M1.6,1
2024-09-13T02:33Z,M1.3,1
2024-09-13T04:37Z,M2.1,1
2024-09-13T04:58Z,M2.3,1
2024-09-13T06:38Z,M5.4,1
2024-09-13T07:03Z,M5.2,1
2024-09-13T08:14Z,M2.9,1
2024-09-13T14:56Z,M1.2,1
2024-09-13T17:49Z,M1.4,1
2024-09-13T20:41Z,M1.1,1
2024-09-14T03:10Z,M1.0,1
2024-09-14T07:26Z,M3.0,1
2024-09-14T15:13Z,X4.5,1
2024-09-16T23:29Z,C9.6,1
2024-09-22T21:12Z,M3.7,1
2024-09-23T14:23Z,M1.3,1
2024-09-25T22:57Z,M1.3,1
2024-09-26T19:41Z,C5.0,1
2024-09-26T22:58Z,M1.4,1
2024-09-29T05:26Z,C5.0,1
2024-09-29T12:49Z,M1.0,1
2024-09-29T14:09Z,M1.7,1
2024-09-29T14:31Z,M1.7,1
2024-09-30T23:37Z,M7.6,1
2024-10-01T14:41Z,M1.0,1
2024-10-01T18:52Z,M1.5,1
2024-10-01T21:58Z,X7.1,1
2024-10-02T01:43Z,M1.1,1
2024-10-02T02:31Z,M1.2,1
2024-10-02T05:30Z,M3.6,1
2024-10-02T06:19Z,M1.1,1
2024-10-02T13:22Z,M3.2,1
2024-10-02T19:58Z,M1.4,1
2024-10-02T20:27Z,M3.3,1
2024-10-03T02:23Z,M1.1,1
2024-10-03T03:22Z,M1.5,1
2024-10-03T08:10Z,M1.5,1
2024-10-03T08:30Z,M1.5,1
2024-10-03T09:19Z,M1.1,1
2024-10-03T12:00Z,M1.0,1
2024-10-03T12:08Z,X9.0,1
2024-10-03T17:18Z,M1.5,1
2024-10-03T19:18Z,M1.1,1
2024-10-03T20:09Z,M6.7,1
2024-10-03T21:39Z,M2.3,1
2024-10-03T23:26Z,M1.1,1
2024-10-04T00:09Z,M1.2,1
2024-10-04T04:36Z,M4.0,1
2024-10-04T05:30Z,M1.1,1
2024-10-04T10:58Z,M1.2,1
2024-10-04T20:55Z,M1.1,1
2024-10-04T22:04Z,M1.2,1
2024-10-05T00:07Z,M1.0,1
2024-10-05T08:18Z,M1.4,1
2024-10-05T08:37Z,M1.6,1
2024-10-05T20:33Z,M1.1,1
2024-10-05T23:10Z,M2.4,1
2024-10-06T00:09Z,M1.0,1
2024-10-06T01:30Z,M1.0,1
2024-10-06T15:14Z,M1.3,1
2024-10-06T16:41Z,M1.0,1
2024-10-06T18:52Z,M1.4,1
2024-10-06T20:52Z,M1.5,1
2024-10-07T18:03Z,M1.3,1
2024-10-07T19:02Z,X2.1,1
2024-10-07T19:31Z,X1.0,1
2024-10-08T01:01Z,M1.8,1
2024-10-08T08:43Z,M1.2,1
2024-10-09T01:25Z,X1.8,1
2024-10-09T05:41Z,M1.6,1
2024-10-09T15:44Z,X1.4,1
2024-10-09T22:59Z,M7.7,1
2024-10-10T11:47Z,M1.3,1
2024-10-10T12:10Z,M1.1,1
2024-10-10T12:22Z,M1.2,1
2024-10-10T16:51Z,M1.0,1
2024-10-10T21:54Z,M3.0,1
2024-10-11T15:48Z,M1.4,1
2024-10-11T16:07Z,M2.1,1
2024-10-11T22:50Z,M1.0,1
2024-10-14T00:04Z,M3.4,1
2024-10-14T13:22Z,M1.8,1
2024-10-15T02:02Z,M1.9,1
2024-10-15T02:23Z,M1.1,1
2024-10-15T10:00Z,M1.3,1
2024-10-15T18:00Z,M1.7,1
2024-10-15T18:28Z,M2.1,1
2024-10-16T03:12Z,M3.0,1
2024-10-16T03:21Z,M3.7,1
2024-10-16T03:28Z,M2.2,1
2024-10-16T03:38Z,M3.7,1
2024-10-16T04:57Z,M2.8,1
2024-10-16T13:12Z,M1.5,1
2024-10-16T14:29Z,M1.3,1
2024-10-16T14:51Z,M1.3,1
2024-10-17T02:12Z,M1.0,1
2024-10-17T04:53Z,M2.4,1
2024-10-18T17:28Z,M1.1,1
2024-10-18T19:27Z,M4.8,1
2024-10-18T23:13Z,M4.7,1
2024-10-19T06:48Z,M6.5,1
2024-10-19T14:27Z,M1.7,1
2024-10-21T09:01Z,C6.2,1
2024-10-24T03:30Z,X3.3,1
2024-10-24T10:22Z,M1.2,1
2024-10-25T07:23Z,M1.1,1
2024-10-26T05:57Z,M9.5,1
2024-10-26T06:32Z,X1.8,1
2024-10-26T11:36Z,M2.2,1
2024-10-26T11:58Z,M2.8,1
2024-10-26T14:04Z,M1.6,1
2024-10-27T23:05Z,M2.8,1
2024-10-28T03:59Z,M1.3,1
2024-10-28T14:41Z,M1.2,1
2024-10-28T16:13Z,M4.2,1
2024-10-29T16:21Z,M1.1,1
2024-10-30T20:29Z,M7.2,1
2024-10-31T02:16Z,M1.0,1
2024-10-31T03:23Z,M1.0,1
2024-10-31T09:22Z,M1.3,1
2024-10-31T12:41Z,M2.4,1
2024-10-31T13:46Z,M1.2,1
2024-10-31T18:57Z,M1.0,1
2024-10-31T21:03Z,M4.6,1
2024-10-31T21:12Z,X2.0,1
2024-10-31T21:43Z,M9.4,1
2024-10-31T22:41Z,M2.7,1
2024-11-01T02:05Z,M1.3,1
2024-11-01T09:46Z,M1.0,1
2024-11-01T12:39Z,M1.3,1
2024-11-01T14:18Z,M2.0,1
2024-11-02T07:27Z,M1.0,1
2024-11-02T08:13Z,M1.2,1
2024-11-03T03:02Z,M1.1,1
2024-11-03T08:39Z,M1.1,1
2024-11-03T15:13Z,M1.1,1
2024-11-03T15:19Z,M1.4,1
2024-11-03T17:38Z,M1.3,1
2024-11-04T00:52Z,M1.5,1
2024-11-04T01:05Z,M3.8,1
2024-11-04T03:38Z,M1.1,1
2024-11-04T04:06Z,M1.0,1
2024-11-04T04:31Z,M1.4,1
2024-11-04T07:02Z,M1.3,1
2024-11-04T08:29Z,M1.2,1
2024-11-04T10:07Z,M1.6,1
2024-11-04T11:46Z,C6.6,1
2024-11-04T14:05Z,M1.1,1
2024-11-04T15:00Z,M1.3,1
2024-11-04T15:26Z,M3.7,1
2024-11-04T15:36Z,M5.5,1
2024-11-05T06:35Z,M2.6,1
2024-11-05T09:11Z,M1.0,1
2024-11-05T13:28Z,M1.2,1
2024-11-05T13:58Z,M2.9,1
2024-11-05T15:05Z,M4.1,1
2024-11-06T02:28Z,M1.1,1
2024-11-06T03:02Z,M1.2,1
2024-11-06T07:36Z,M2.9,1
2024-11-06T08:48Z,M5.8,1
2024-11-06T11:56Z,M1.5,1
2024-11-06T12:56Z,M1.2,1
2024-11-06T13:36Z,X2.3,1
2024-11-06T14:27Z,M5.3,1
2024-11-06T15:50Z,M1.6,1
2024-11-06T17:10Z,M1.2,1
2024-11-06T18:53Z,M1.1,1
2024-11-06T20:35Z,M1.3,1
2024-11-06T22:43Z,M1.1,1
2024-11-06T23:10Z,M1.1,1
2024-11-06T23:24Z,M1.2,1
2024-11-06T23:42Z,M1.6,1
2024-11-07T01:15Z,M2.5,1
2024-11-07T03:52Z,M2.5,1
2024-11-07T07:20Z,M1.3,1
2024-11-07T07:36Z,M1.6,1
2024-11-07T07:46Z,M2.7,1
2024-11-07T11:53Z,M1.4,1
2024-11-07T14:49Z,M2.3,1
2024-11-08T02:53Z,M1.5,1
2024-11-09T20:44Z,M1.2,1
2024-11-10T00:04Z,M4.2,1
2024-11-10T11:51Z,M9.4,1
2024-11-10T15:51Z,C6.7,1
2024-11-10T20:09Z,M4.9,1
2024-11-10T22:31Z,C8.4,1
2024-11-11T05:07Z,M1.1,1
2024-11-11T05:36Z,M1.4,1
2024-11-12T12:47Z,C8.2,1
2024-11-13T00:11Z,M1.0,1
2024-11-13T16:57Z,M1.7,1
2024-11-15T01:38Z,M1.1,1
2024-11-15T12:05Z,M1.0,1
2024-11-16T01:26Z,M1.6,1
2024-11-17T10:38Z,C5.3,1
2024-11-18T05:13Z,M1.0,1
2024-11-18T07:25Z,M1.7,1
2024-11-18T07:54Z,M1.2,1
2024-11-18T10:41Z,M2.5,1
2024-11-18T11:06Z,M1.6,1
2024-11-18T11:19Z,M1.5,1
2024-11-18T12:42Z,M3.7,1
2024-11-18T17:43Z,M1.8,1
2024-11-18T18:45Z,M2.0,1
2024-11-18T20:48Z,M1.1,1
2024-11-18T23:50Z,M1.1,1
2024-11-20T19:11Z,M1.1,1
2024-11-22T15:42Z,M1.6,1
2024-11-22T21:26Z,M1.0,1
2024-11-23T15:54Z,M1.1,1
2024-11-23T17:49Z,M1.1,1
2024-11-23T19:01Z,C5.4,1
2024-11-24T20:11Z,M1.1,1
2024-11-25T01:39Z,M1.1,1
2024-11-25T04:39Z,M1.8,1
2024-11-25T07:24Z,M9.4,1
2024-11-25T12:01Z,M2.0,1
2024-11-25T16:07Z,M1.0,1
2024-11-25T16:58Z,M1.5,1
2024-11-25T20:24Z,M1.9,1
2024-11-25T21:33Z,M1.1,1
2024-11-27T02:21Z,C3.5,1
2024-11-27T12:27Z,M1.0,1
2024-12-04T09:52Z,M2.3,1
2024-12-04T20:31Z,M1.3,1
2024-12-04T20:57Z,M1.4,1
2024-12-05T06:56Z,M1.0,1
2024-12-05T08:12Z,M1.1,1
2024-12-05T10:32Z,M2.5,1
2024-12-06T09:06Z,M1.4,1
2024-12-07T13:00Z,M2.3,1
2024-12-07T21:53Z,M3.2,1
2024-12-08T08:50Z,X2.2,1
2024-12-08T16:00Z,M1.5,1
2024-12-10T03:12Z,C9.7,1
2024-12-10T06:36Z,M6.4,1
2024-12-10T07:03Z,M1.4,1
2024-12-10T10:55Z,M1.5,1
2024-12-10T14:36Z,C2.8,1
2024-12-10T17:54Z,M1.6,1
2024-12-11T05:54Z,M1.9,1
2024-12-11T06:55Z,C2.7,1
2024-12-11T10:03Z,M2.7,1
2024-12-11T15:32Z,M6.7,1
2024-12-12T17:31Z,M2.2,1
2024-12-12T20:58Z,M1.6,1
2024-12-13T02:21Z,C2.1,1
2024-12-13T03:11Z,M1.0,1
2024-12-13T11:13Z,M2.0,1
2024-12-13T14:15Z,M1.0,1
2024-12-14T06:20Z,C3.7,1
2024-12-15T09:27Z,C7.2,1
2024-12-15T20:15Z,M3.1,1
2024-12-19T10:21Z,M1.6,1
2024-12-19T15:27Z,M3.8,1
2024-12-19T18:56Z,M1.7,1
2024-12-20T07:20Z,M2.1,1
2024-12-20T10:03Z,C9.4,1
2024-12-20T11:15Z,M2.5,1
2024-12-21T00:33Z,M1.9,1
2024-12-21T22:58Z,C9.5,1
2024-12-22T04:03Z,M1.0,1
2024-12-22T14:06Z,M1.1,1
2024-12-22T20:39Z,M1.1,1
2024-12-23T02:10Z,M1.0,1
2024-12-23T06:24Z,M1.0,1
2024-12-23T11:06Z,M8.9,1
2024-12-24T00:14Z,M4.7,1
2024-12-24T01:50Z,M1.0,1
2024-12-24T08:28Z,M4.1,1
2024-12-24T14:02Z,M1.1,1
2024-12-24T16:25Z,M1.3,1
2024-12-24T18:20Z,M1.0,1
2024-12-24T20:15Z,M1.0,1
2024-12-24T22:24Z,M1.2,1
2024-12-25T04:14Z,M2.8,1
2024-12-25T04:46Z,M4.9,1
2024-12-25T23:59Z,M3.1,1
2024-12-26T02:52Z,M7.4,1
2024-12-26T18:28Z,C9.6,1
2024-12-27T15:27Z,M1.2,1
2024-12-27T20:29Z,M3.3,1
2024-12-28T11:12Z,M4.5,1
2024-12-28T15:14Z,M1.3,1
2024-12-28T22:04Z,M1.2,1
2024-12-29T02:28Z,M1.0,1
2024-12-29T02:38Z,M1.3,1
2024-12-29T03:56Z,M1.2,1
2024-12-29T04:18Z,M2.0,1
2024-12-29T05:12Z,M3.1,1
2024-12-29T05:41Z,M3.5,1
2024-12-29T06:48Z,M3.0,1
2024-12-29T07:08Z,X1.1,1
2024-12-29T07:54Z,M4.1,1
2024-12-29T09:41Z,M1.3,1
2024-12-29T10:26Z,M2.6,1
2024-12-29T12:15Z,M1.6,1
2024-12-29T12:50Z,M1.3,1
2024-12-29T15:02Z,M7.1,1
2024-12-29T16:56Z,M3.3,1
2024-12-29T17:46Z,M1.2,1
2024-12-29T17:58Z,M1.4,1
2024-12-29T18:27Z,M3.3,1
2024-12-29T20:31Z,M1.1,1
2024-12-29T21:42Z,M1.5,1
2024-12-29T21:57Z,M1.8,1
2024-12-29T23:20Z,M1.9,1
2024-12-30T00:33Z,M1.7,1
2024-12-30T02:50Z,M1.7,1
2024-12-30T04:01Z,X1.5,1
2024-12-30T04:29Z,X1.1,1
2024-12-30T06:13Z,M3.5,1
2024-12-30T08:34Z,M1.4,1
2024-12-30T08:44Z,M1.7,1
2024-12-30T10:00Z,M1.7,1
2024-12-30T14:34Z,M3.5,1
2024-12-30T16:45Z,M5.0,1
2024-12-30T16:56Z,M4.2,1
2024-12-30T17:14Z,M1.2,1
2024-12-30T17:36Z,M1.6,1
2024-12-30T18:14Z,M1.6,1
2024-12-30T18:27Z,M1.7,1
2024-12-30T22:35Z,M1.0,1
2024-12-31T04:50Z,M1.0,1
2024-12-31T21:09Z,M2.0,1
2024-12-31T22:02Z,M2.7,1
2024-12-31T22:46Z,M2.9,1
2025-01-01T04:35Z,M1.1,1
2025-01-01T15:12Z,M1.0,1
2025-01-01T18:05Z,M1.2,1
2025-01-01T21:32Z,M1.1,1
2025-01-02T17:18Z,M1.1,1
2025-01-03T11:29Z,X1.2,1
2025-01-03T21:54Z,M2.3,1
2025-01-03T22:32Z,X1.1,1
2025-01-03T23:14Z,M1.9,1
2025-01-03T23:50Z,M5.8,1
2025-01-04T00:34Z,M1.5,1
2025-01-04T04:58Z,M7.6,1
2025-01-04T12:34Z,X1.8,1
2025-01-04T14:24Z,C9.3,1
2025-01-04T18:46Z,C7.6,1
2025-01-04T23:08Z,M2.1,1
2025-01-04T23:57Z,M1.1,1
2025-01-05T02:14Z,M4.1,1
2025-01-05T07:04Z,M2.1,1
2025-01-05T09:09Z,M4.1,1
2025-01-05T15:20Z,M2.4,1
2025-01-06T01:29Z,M3.1,1
2025-01-06T03:36Z,M1.4,1
2025-01-06T16:12Z,M4.8,1
2025-01-06T21:58Z,C2.7,1
2025-01-07T09:19Z,C2.5,1
2025-01-07T22:35Z,M1.1,1
2025-01-09T00:18Z,M1.1,1
2025-01-10T09:24Z,C6.1,1
2025-01-11T08:35Z,C2.8,1
2025-01-17T02:01Z,M1.3,1
2025-01-17T03:08Z,M1.1,1
2025-01-17T09:10Z,M2.0,1
2025-01-17T11:19Z,M1.5,1
2025-01-17T13:24Z,M7.4,1
2025-01-17T18:42Z,M2.1,1
2025-01-17T19:44Z,M1.8,1
2025-01-17T19:59Z,M1.1,1
2025-01-17T22:00Z,M1.0,1
2025-01-18T00:44Z,M1.7,1
2025-01-18T03:00Z,M1.1,1
2025-01-19T03:28Z,M2.4,1
2025-01-21T10:08Z,M3.3,1
2025-01-22T10:44Z,M1.3,1
2025-01-24T11:43Z,C9.8,1
2025-01-24T20:48Z,M2.7,1
2025-01-25T02:52Z,C3.7,1
2025-01-25T03:16Z,C4.6,1
2025-01-25T17:16Z,C5.4,1
2025-01-27T07:52Z,M2.6,1
2025-01-28T19:41Z,M1.7,1
2025-01-29T03:36Z,M1.0,1
2025-01-31T05:48Z,M1.0,1
2025-01-31T13:40Z,M6.7,1
2025-01-31T20:14Z,M1.8,1
2025-02-01T13:14Z,M2.4,1
2025-02-02T10:01Z,M3.0,1
2025-02-02T12:41Z,M1.4,1
2025-02-02T13:58Z,M5.1,1
2025-02-02T15:08Z,M1.2,1
2025-02-02T15:21Z,M2.7,1
2025-02-02T23:09Z,M4.1,1
2025-02-03T03:34Z,M1.0,1
2025-02-03T03:52Z,M8.8,1
2025-02-03T04:26Z,M1.0,1
2025-02-03T05:37Z,M3.1,1
2025-02-03T07:32Z,M2.5,1
2025-02-03T09:09Z,M1.4,1
2025-02-03T13:07Z,M6.1,1
2025-02-03T18:25Z,M4.3,1
2025-02-03T21:04Z,M1.4,1
2025-02-03T23:14Z,M1.4,1
2025-02-04T00:43Z,M1.2,1
2025-02-04T01:35Z,M2.6,1
2025-02-04T05:07Z,M1.2,1
2025-02-04T11:09Z,M4.7,1
2025-02-04T11:27Z,M1.9,1
2025-02-04T12:54Z,M3.2,1
2025-02-04T13:43Z,M1.0,1
2025-02-05T03:12Z,M1.2,1
2025-02-05T07:44Z,M2.7,1
2025-02-06T10:47Z,M7.6,1
2025-02-06T23:12Z,M2.3,1
2025-02-07T06:18Z,M1.6,1
2025-02-07T06:41Z,M1.1,1
2025-02-07T07:12Z,M3.2,1
2025-02-07T07:49Z,M1.2,1
2025-02-07T08:59Z,M7.5,1
2025-02-08T08:57Z,M2.0,1
2025-02-10T00:30Z,M1.0,1
2025-02-11T05:22Z,M1.6,1
2025-02-11T18:05Z,C7.2,1
2025-02-13T11:05Z,M1.0,1
2025-02-14T02:13Z,M1.2,1
2025-02-14T07:31Z,C6.6,1
2025-02-14T09:48Z,M1.2,1
2025-02-14T20:45Z,M1.8,1
2025-02-15T00:50Z,C1.9,1
2025-02-15T19:22Z,C3.6,1
2025-02-17T15:07Z,M1.0,1
2025-02-19T23:23Z,C8.1,1
2025-02-21T12:05Z,M3.3,1
2025-02-21T14:31Z,M1.4,1
2025-02-22T20:55Z,C8.3,1
2025-02-23T02:00Z,M4.9,1
2025-02-23T09:54Z,M1.0,1
2025-02-23T11:47Z,M1.6,1
2025-02-23T16:18Z,M1.0,1
2025-02-23T19:22Z,X2.0,1
2025-02-24T01:33Z,M1.3,1
2025-02-24T06:53Z,M3.3,1
2025-02-24T20:51Z,M1.5,1
2025-02-24T21:50Z,M3.9,1
2025-02-25T02:43Z,M1.3,1
2025-02-25T11:20Z,M3.6,1
2025-02-26T22:37Z,C3.5,1
2025-02-28T16:18Z,C5.2,1
2025-03-01T22:44Z,C9.5,1
2025-03-02T03:37Z,C2.4,1
2025-03-02T05:46Z,C1.1,1
2025-03-02T09:26Z,C2.9,1
2025-03-05T11:45Z,M1.7,1
2025-03-07T20:54Z,M1.6,1
2025-03-11T13:03Z,M1.1,1
2025-03-11T21:19Z,C9.6,1
2025-03-14T22:18Z,M1.1,1
2025-03-17T19:04Z,C9.8,1
2025-03-17T19:25Z,M1.0,1
2025-03-19T20:21Z,M1.5,1
2025-03-19T23:04Z,C6.0,1
2025-03-20T16:49Z,C4.4,1
2025-03-21T15:34Z,M1.2,1
2025-03-25T09:42Z,C4.4,1
2025-03-25T12:16Z,C9.5,1
2025-03-26T07:44Z,M1.0,1
2025-03-26T09:07Z,C6.5,1
2025-03-27T00:18Z,M2.0,1
2025-03-27T02:49Z,C3.9,1
2025-03-28T15:03Z,X1.1,1
2025-03-28T17:54Z,M1.0,1
2025-03-28T19:14Z,M1.1,1
2025-03-28T23:20Z,M1.7,1
2025-03-29T21:19Z,M1.4,1
2025-03-29T22:38Z,M1.9,1
2025-03-30T01:19Z,M1.5,1
2025-03-30T03:50Z,C3.5,1
2025-03-30T16:27Z,M1.6,1
2025-03-30T17:00Z,M1.4,1
2025-03-30T22:43Z,M1.4,1
2025-03-30T23:10Z,M1.5,1
2025-03-30T23:41Z,M1.0,1
2025-03-31T10:16Z,M1.2,1
2025-04-01T06:37Z,M5.6,1
2025-04-01T22:18Z,M2.5,1
2025-04-04T14:34Z,C4.4,1
2025-04-05T19:54Z,M1.0,1
2025-04-08T05:42Z,C3.0,1
2025-04-08T22:08Z,M1.5,1
2025-04-11T16:40Z,M1.0,1
2025-04-11T22:08Z,M1.0,1
2025-04-12T04:41Z,M1.1,1
2025-04-12T05:36Z,M1.2,1
2025-04-12T07:11Z,M1.0,1
2025-04-12T11:05Z,M2.0,1
2025-04-12T11:35Z,M2.7,1
2025-04-12T12:33Z,M2.3,1
2025-04-12T15:00Z,M1.3,1
2025-04-12T21:21Z,M1.6,1
2025-04-12T23:34Z,M1.3,1
2025-04-13T01:21Z,M1.0,1
2025-04-13T04:01Z,M1.1,1
2025-04-13T04:25Z,M1.1,1
2025-04-13T04:48Z,M2.3,1
2025-04-13T06:38Z,M1.0,1
2025-04-13T09:43Z,M1.4,1
2025-04-13T10:03Z,M1.2,1
2025-04-13T15:28Z,M1.2,1
2025-04-13T18:38Z,M3.2,1
2025-04-13T21:55Z,M1.6,1
2025-04-14T06:00Z,M1.4,1
2025-04-14T06:36Z,M4.2,1
2025-04-15T10:04Z,M1.5,1
2025-04-15T17:57Z,M1.3,1
2025-04-18T23:08Z,M4.4,1
2025-04-20T11:37Z,M1.0,1
2025-04-21T18:24Z,M1.9,1
2025-04-22T08:38Z,M1.3,1
2025-04-29T05:10Z,M1.7,1
2025-04-29T09:45Z,M1.3,1
2025-04-29T10:49Z,M1.6,1
2025-04-29T23:11Z,C7.3,1
2025-04-30T07:41Z,M2.0,1
2025-05-04T12:26Z,C5.4,1
2025-05-08T06:54Z,C3.6,1
2025-05-08T10:21Z,C1.6,1
2025-05-11T23:55Z,M1.9,1
2025-05-13T15:25Z,X1.2,1
2025-05-14T03:05Z,M5.3,1
2025-05-14T07:36Z,M1.2,1
2025-05-14T08:04Z,X2.7,1
2025-05-14T11:04Z,M7.7,1
2025-05-14T17:59Z,M4.7,1
2025-05-15T17:08Z,M2.1,1
2025-05-19T08:13Z,M3.2,1
2025-05-21T00:01Z,M1.2,1
2025-05-24T10:27Z,C5.9,1
2025-05-24T16:39Z,C5.3,1
2025-05-24T20:14Z,M2.1,1
2025-05-25T01:46Z,X1.1,1
2025-05-25T02:50Z,C5.3,1
2025-05-25T03:01Z,C6.4,1
2025-05-25T06:27Z,M1.7,1
2025-05-25T10:05Z,M3.4,1
2025-05-25T16:18Z,M8.9,1
2025-05-26T12:50Z,M2.9,1
2025-05-26T13:27Z,M1.4,1
2025-05-27T10:04Z,C5.0,1
2025-05-27T10:31Z,C4.5,1
2025-05-30T05:56Z,M3.4,1
2025-05-30T18:22Z,M1.6,1
2025-05-30T23:31Z,M8.1,1
2025-05-31T03:49Z,M1.0,1
2025-05-31T05:12Z,M2.4,1
2025-05-31T08:08Z,M4.5,1
2025-05-31T15:36Z,M2.9,1
